source,target,rho,abs_rho
V07,V08,0.6515259709690223,0.6515259709690223
V08,V10,0.6334183060921685,0.6334183060921685
V05,V07,0.5908880260888156,0.5908880260888156
V10,V12,0.5654151358211258,0.5654151358211258
V09,V13,0.5626914383514261,0.5626914383514261
V13,V14,0.5594334505093526,0.5594334505093526
E14,E15,0.555197096230678,0.555197096230678
T10,S05,0.5474598884899124,0.5474598884899124
V08,V12,0.5385480126966031,0.5385480126966031
E07,E10,0.525911944424929,0.525911944424929
S09,S14,0.5176951456469693,0.5176951456469693
V05,V06,0.5158684543418053,0.5158684543418053
S13,V10,0.5152574875661995,0.5152574875661995
S11,V06,0.4998544056809194,0.4998544056809194
S06,S09,0.4988351216888095,0.4988351216888095
V07,V09,0.4953206890620732,0.4953206890620732
V07,V13,0.4931461467844642,0.4931461467844642
V07,V12,0.4905984156602722,0.4905984156602722
T12,T13,0.48997597901486206,0.48997597901486206
E07,V07,0.48760510419883396,0.48760510419883396
S07,S09,0.4861525401536585,0.4861525401536585
T11,S14,0.48499676835860434,0.48499676835860434
S09,S11,0.48374575749062354,0.48374575749062354
V06,V07,0.48363073100431553,0.48363073100431553
T02,E12,0.48239020589492604,0.48239020589492604
S01,S03,0.47817021015290884,0.47817021015290884
S09,V03,0.47647759001743684,0.47647759001743684
V05,V15,0.4732645111885172,0.4732645111885172
V03,V10,0.47300625936678614,0.47300625936678614
S14,V13,0.47204880799938137,0.47204880799938137
S14,V09,0.47043608801723213,0.47043608801723213
S15,V12,0.470255703655987,0.470255703655987
V06,V12,0.46775988624294723,0.46775988624294723
S13,S14,0.4646918985374182,0.4646918985374182
E07,E12,0.46409231580125415,0.46409231580125415
V07,V14,0.4630615129082052,0.4630615129082052
V01,V02,0.45932977282356985,0.45932977282356985
S06,V10,0.45610814374352643,0.45610814374352643
V08,V13,0.45488329123620697,0.45488329123620697
S09,S13,0.45415288964744654,0.45415288964744654
V07,V15,0.45285597607034195,0.45285597607034195
S06,V08,0.45205743487354405,0.45205743487354405
E11,S11,0.4509917996132394,0.4509917996132394
S14,S15,0.44855568126855494,0.44855568126855494
S01,S14,0.4480971050379556,0.4480971050379556
E07,V08,0.4473447977192373,0.4473447977192373
T10,T12,0.44633003950968014,0.44633003950968014
V06,V15,0.4445654043574991,0.4445654043574991
V03,V04,0.44354878109244567,0.44354878109244567
V03,V12,0.4426825978389813,0.4426825978389813
S13,V03,0.43808214078385427,0.43808214078385427
V11,V14,0.43722011048232223,0.43722011048232223
V04,V06,0.43649743042558975,0.43649743042558975
S09,V14,0.4333746216512559,0.4333746216512559
V07,V10,0.4332527208864366,0.4332527208864366
S02,S04,0.43196499361420093,0.43196499361420093
E05,E06,0.4307626555182332,0.4307626555182332
S02,V10,0.42838213997627117,0.42838213997627117
V01,V13,0.4280034541319729,0.4280034541319729
E11,V09,0.4257169291997031,0.4257169291997031
V12,V14,0.4250557968397263,0.4250557968397263
S09,V09,0.4240851288402717,0.4240851288402717
T12,S13,0.4237249549280872,0.4237249549280872
V08,V14,0.4235015177216976,0.4235015177216976
S09,S15,0.42341188670490654,0.42341188670490654
S02,S15,0.423323299799949,0.423323299799949
V04,V08,0.42284305980559245,0.42284305980559245
V06,V09,0.422514548877027,0.422514548877027
S03,S09,0.42210047545599566,0.42210047545599566
S11,V07,0.4208444741236331,0.4208444741236331
S07,V12,0.42054720246772515,0.42054720246772515
E15,V02,0.4185958302120988,0.4185958302120988
E10,E15,0.4182686580167919,0.4182686580167919
V05,V12,0.4179911150361838,0.4179911150361838
S14,V12,0.4174382425372944,0.4174382425372944
S09,V10,0.4166639941121655,0.4166639941121655
V09,V15,0.4163996106928083,0.4163996106928083
S15,V10,0.41344780386397406,0.41344780386397406
S11,V14,0.4129741383533898,0.4129741383533898
E11,V07,0.41221894824382543,0.41221894824382543
E15,S07,0.41211290018766433,0.41211290018766433
E12,E14,0.4120788570547255,0.4120788570547255
V03,V15,0.4103118790921779,0.4103118790921779
S10,S12,0.409317316450986,0.409317316450986
E15,V15,0.40756750899990707,0.40756750899990707
S06,V07,0.4052720311734418,0.4052720311734418
E11,E15,0.4046992319337703,0.4046992319337703
E03,E10,-0.4045575292667455,0.4045575292667455
S03,S04,0.4038098193875608,0.4038098193875608
S09,V11,0.4037838132611681,0.4037838132611681
S10,V15,0.4022630977826519,0.4022630977826519
E07,S06,0.4021406867919183,0.4021406867919183
S13,V08,0.3975599067128701,0.3975599067128701
S07,V04,0.3971547018964132,0.3971547018964132
S10,V08,0.3968801855863346,0.3968801855863346
E10,S06,0.3963513436153727,0.3963513436153727
T11,S10,0.3960538581330232,0.3960538581330232
S10,S13,0.3958990785773689,0.3958990785773689
S09,V04,0.3954104773407391,0.3954104773407391
S04,S14,0.39435282459279086,0.39435282459279086
E07,S11,0.3941230070451639,0.3941230070451639
V10,V13,0.3940977609497875,0.3940977609497875
V04,V15,0.3940868304381654,0.3940868304381654
E06,S10,0.3939849266435431,0.3939849266435431
S10,V11,0.393068867142299,0.393068867142299
S03,S13,0.3926149195394892,0.3926149195394892
T11,V10,0.39067869188148724,0.39067869188148724
V02,V04,0.38987713815129604,0.38987713815129604
T11,S09,0.38878391446026217,0.38878391446026217
E07,E14,0.3875985262585227,0.3875985262585227
T03,T12,0.3875252401085992,0.3875252401085992
S09,V13,0.3874601487117071,0.3874601487117071
S03,V03,0.38682970798829797,0.38682970798829797
E10,E12,0.3863954012567695,0.3863954012567695
T12,S05,0.38638650433952904,0.38638650433952904
V05,V08,0.38585460610017,0.38585460610017
S01,S02,0.3850244202173145,0.3850244202173145
S07,V02,0.3849208805544028,0.3849208805544028
V12,V13,0.3847658455775051,0.3847658455775051
S14,V07,0.38400773375066255,0.38400773375066255
V06,V08,0.3835679560253855,0.3835679560253855
T06,E12,0.3835436230997992,0.3835436230997992
V04,V05,0.3828358302513778,0.3828358302513778
V01,V11,0.38261593273434863,0.38261593273434863
V12,V15,0.3825463447781864,0.3825463447781864
E11,S06,0.3825341549961386,0.3825341549961386
S09,S12,0.3821395099505851,0.3821395099505851
S14,V15,0.38199853476896184,0.38199853476896184
V04,V10,0.3818503721811468,0.3818503721811468
T06,V15,0.38134237208664,0.38134237208664
E01,E10,0.38093425705244927,0.38093425705244927
S02,S12,0.38056986877419813,0.38056986877419813
S07,S15,0.37987731936908786,0.37987731936908786
E07,S09,0.37943017482159236,0.37943017482159236
S06,V11,0.3792569006322139,0.3792569006322139
V09,V14,0.37907573703776376,0.37907573703776376
S09,V07,0.379014122803935,0.379014122803935
S13,S15,0.37897010446203433,0.37897010446203433
S15,V08,0.37868581253808026,0.37868581253808026
V11,V13,0.37781569353610406,0.37781569353610406
S15,V06,0.37643309417390397,0.37643309417390397
S09,V12,0.37620787749953033,0.37620787749953033
E10,S11,0.3740778535923339,0.3740778535923339
V13,V15,0.3740054600101313,0.3740054600101313
S07,V14,0.3739616748418065,0.3739616748418065
E11,S09,0.37334769220776204,0.37334769220776204
S15,V03,0.3731059907332063,0.3731059907332063
E10,V07,0.37276260979711634,0.37276260979711634
E10,E11,0.3724376827664298,0.3724376827664298
V10,V15,0.37189909895852247,0.37189909895852247
S14,V08,0.3706969771905031,0.3706969771905031
E11,S07,0.36983344183212213,0.36983344183212213
S06,V14,0.36949196446320787,0.36949196446320787
S04,S12,0.36889676362642393,0.36889676362642393
S01,S15,0.3686303697031116,0.3686303697031116
E07,E15,0.3682920928338234,0.3682920928338234
T01,T02,0.3678840265917699,0.3678840265917699
S14,V14,0.3666124317364691,0.3666124317364691
S14,V10,0.3663340933390453,0.3663340933390453
T06,S07,0.36605205479533015,0.36605205479533015
T07,V01,0.3658228282921394,0.3658228282921394
S13,V14,0.3642189217730985,0.3642189217730985
V04,V07,0.3639650294082246,0.3639650294082246
S03,S14,0.3638767551168379,0.3638767551168379
V01,V14,0.3635936306056119,0.3635936306056119
V04,V09,0.36341511422963213,0.36341511422963213
V08,V15,0.3626442623537984,0.3626442623537984
S06,V01,0.3625650040225732,0.3625650040225732
V03,V14,0.3604119124074774,0.3604119124074774
S02,S09,0.3596370099721002,0.3596370099721002
V02,V11,0.35896664051958466,0.35896664051958466
S04,S09,0.3589234005278961,0.3589234005278961
E15,S11,0.3582006769191178,0.3582006769191178
S04,V05,0.3575341947984626,0.3575341947984626
V04,V13,0.3561601200684794,0.3561601200684794
S03,S12,0.35558288518253545,0.35558288518253545
S06,V13,0.35543725517987823,0.35543725517987823
S11,V15,0.355305479257628,0.355305479257628
S06,V12,0.3550423801047298,0.3550423801047298
E12,V15,0.35453952827943175,0.35453952827943175
S13,V04,0.35452797063714986,0.35452797063714986
T06,E14,0.35355172631971227,0.35355172631971227
S11,V08,0.3534431343391325,0.3534431343391325
T11,T12,0.3533831770501918,0.3533831770501918
E11,E12,0.35330413210052203,0.35330413210052203
E10,S14,0.3530210910654179,0.3530210910654179
V06,V10,0.35245530262196334,0.35245530262196334
T11,S05,0.35213062316318977,0.35213062316318977
S11,S13,0.35150470961051944,0.35150470961051944
S06,V04,0.3498528887471437,0.3498528887471437
V09,V10,0.3493007602447998,0.3493007602447998
E10,V15,0.34893684652491386,0.34893684652491386
S12,S14,0.3485149587018093,0.3485149587018093
S02,S06,0.34837598371438544,0.34837598371438544
E14,S11,0.3481435756000787,0.3481435756000787
E12,V03,0.34692611528240114,0.34692611528240114
E03,E11,-0.3460686989963359,0.3460686989963359
E07,V14,0.34496523190249523,0.34496523190249523
V02,V12,0.3443922403504009,0.3443922403504009
S07,V15,0.344362918632944,0.344362918632944
S07,V01,0.34386480976205264,0.34386480976205264
S07,S11,0.34330080967861,0.34330080967861
E07,S14,0.3432135132768936,0.3432135132768936
S06,V05,0.34305399775783124,0.34305399775783124
E08,V09,0.34296055365412437,0.34296055365412437
S07,V05,0.34275207440395405,0.34275207440395405
E10,V14,0.3426060606060606,0.3426060606060606
S14,V06,0.33999587587611774,0.33999587587611774
T13,V07,0.3393776774200173,0.3393776774200173
S12,V15,0.33893873087181026,0.33893873087181026
V10,V11,0.33850997249006676,0.33850997249006676
S03,V01,0.33825980418653084,0.33825980418653084
E11,V10,0.33714003357758976,0.33714003357758976
E07,V12,0.3369223764824932,0.3369223764824932
S03,V11,0.33666311514890596,0.33666311514890596
S06,V09,0.33660528941135576,0.33660528941135576
T13,V08,0.3363950186951812,0.3363950186951812
S11,S14,0.33598285312985,0.33598285312985
S01,S09,0.3355437041447918,0.3355437041447918
V08,V09,0.33539876046630973,0.33539876046630973
V05,V10,0.33475730115534413,0.33475730115534413
T05,S11,0.3347194992213716,0.3347194992213716
V04,V12,0.334698753688958,0.334698753688958
E05,E10,0.33457002846974887,0.33457002846974887
S13,V12,0.334352478944701,0.334352478944701
S10,V04,0.3334982578842387,0.3334982578842387
S07,V07,0.3334564211141613,0.3334564211141613
T03,E04,-0.33296361123039614,0.33296361123039614
S14,V03,0.3328789946399438,0.3328789946399438
S02,S03,0.3321241331432066,0.3321241331432066
V02,V10,0.3319462349040132,0.3319462349040132
E11,V02,0.33191501096838116,0.33191501096838116
T12,S14,0.33139477967420716,0.33139477967420716
E15,V14,0.3311365732329813,0.3311365732329813
S14,V05,0.3309703985674399,0.3309703985674399
S04,V15,0.33040844313580214,0.33040844313580214
V04,V14,0.3301134385970498,0.3301134385970498
V06,V13,0.3299497288028491,0.3299497288028491
E11,V15,0.3292587882187317,0.3292587882187317
V03,V06,0.329200209644266,0.329200209644266
T15,S15,0.3291419727190526,0.3291419727190526
V04,V11,0.3290836358517426,0.3290836358517426
S13,V15,0.32901746928045916,0.32901746928045916
T10,T11,0.3289672904875614,0.3289672904875614
T13,V10,0.3288378177091586,0.3288378177091586
V05,V13,0.3286706799490538,0.3286706799490538
E10,S13,0.3286456906046157,0.3286456906046157
S12,S15,0.32845789467433073,0.32845789467433073
V03,V05,0.3283885139809677,0.3283885139809677
S06,S15,0.3283333096442962,0.3283333096442962
V06,V11,0.3282012099568796,0.3282012099568796
S01,S12,0.32795865283054343,0.32795865283054343
E01,E02,-0.32767885072110375,0.32767885072110375
V11,V12,0.3276441537626673,0.3276441537626673
E01,E09,0.327605076299488,0.327605076299488
E11,V08,0.3271267878791411,0.3271267878791411
V05,V14,0.327047762860389,0.327047762860389
V01,V04,0.32637927359609753,0.32637927359609753
S07,V06,0.3260205114730689,0.3260205114730689
E09,S02,0.3250964999375382,0.3250964999375382
E01,E05,0.3242248528052163,0.3242248528052163
E12,S13,0.32392753573198757,0.32392753573198757
V08,V11,0.3232254172669236,0.3232254172669236
E05,V07,0.32307251171881435,0.32307251171881435
E08,V02,0.3229155186869585,0.3229155186869585
E15,V12,0.3219564959250609,0.3219564959250609
S15,V04,0.32194951977932196,0.32194951977932196
E07,E11,0.32142417773497395,0.32142417773497395
V03,V09,0.32078992699899544,0.32078992699899544
S06,S11,0.32021839632886395,0.32021839632886395
T11,V13,0.32010984355489003,0.32010984355489003
V09,V12,0.31996097651940925,0.31996097651940925
S11,S12,0.3193774123375791,0.3193774123375791
E10,S09,0.31882777137358187,0.31882777137358187
S03,S15,0.3187736653764935,0.3187736653764935
T11,S13,0.31869147864127567,0.31869147864127567
V14,V15,0.3181152420536824,0.3181152420536824
E11,E14,0.31790277582825155,0.31790277582825155
S06,V02,0.31749683462427347,0.31749683462427347
S02,S13,0.3171076451454187,0.3171076451454187
E07,E09,0.31654689870193387,0.31654689870193387
T03,V09,0.3165034522208454,0.3165034522208454
E15,S15,0.31636212590975615,0.31636212590975615
T03,E11,0.3147776266862019,0.3147776266862019
V03,V08,0.3143841992559993,0.3143841992559993
S12,V07,0.31363206461593574,0.31363206461593574
S09,V06,0.3135949776639342,0.3135949776639342
T11,V11,0.31333553834162203,0.31333553834162203
T14,E03,-0.3131195235354679,0.3131195235354679
V02,V08,0.31305659248298695,0.31305659248298695
S09,V15,0.3129491248760835,0.3129491248760835
T11,S12,0.31279107037820353,0.31279107037820353
T11,V15,0.3126513106023383,0.3126513106023383
S05,V13,0.3117425029611914,0.3117425029611914
S11,V09,0.3116185156485092,0.3116185156485092
E10,E14,0.31156352345637156,0.31156352345637156
E01,S07,0.31116656971304346,0.31116656971304346
E07,V09,0.31114726934624204,0.31114726934624204
E11,V14,0.31095379150278785,0.31095379150278785
S06,S07,0.3104294611164381,0.3104294611164381
V02,V07,0.3099342935619342,0.3099342935619342
E09,E10,0.3098269440658306,0.3098269440658306
E10,V09,0.3097520411679581,0.3097520411679581
T11,V04,0.30858696183029216,0.30858696183029216
E15,V03,0.30825135258047326,0.30825135258047326
V03,V07,0.30789200153118707,0.30789200153118707
S10,S14,0.3078348285624698,0.3078348285624698
S10,S11,0.30779935189334007,0.30779935189334007
E12,E15,0.30731905977477825,0.30731905977477825
S08,S09,0.30709156644228963,0.30709156644228963
E11,V06,0.30655211942953126,0.30655211942953126
T11,S04,0.3061930911573918,0.3061930911573918
E08,E11,0.3056485028570521,0.3056485028570521
E03,E12,-0.3048636675891936,0.3048636675891936
S10,V10,0.30445947645831833,0.30445947645831833
E11,V04,0.3044264558894022,0.3044264558894022
S07,S14,0.3041298618379186,0.3041298618379186
T07,V14,0.30367803597783244,0.30367803597783244
T06,E10,0.3034282230594168,0.3034282230594168
T04,E14,0.3031740517416,0.3031740517416
S01,S08,0.30282584778996763,0.30282584778996763
S11,V05,0.30277600637312585,0.30277600637312585
S04,S10,0.3026983010301058,0.3026983010301058
E12,S14,0.302011472673959,0.302011472673959
E12,S07,0.30169911257542975,0.30169911257542975
T10,T13,0.30152165566767697,0.30152165566767697
T11,V02,0.30074056897875817,0.30074056897875817
S09,V05,0.3001946704585598,0.3001946704585598
S15,V11,0.2998577751244687,0.2998577751244687
S02,S10,0.2997821589862021,0.2997821589862021
S15,V02,0.299710285299355,0.299710285299355
E15,V05,0.29932979832361245,0.29932979832361245
S11,V12,0.2991357618866568,0.2991357618866568
E03,S09,-0.29907804022955153,0.29907804022955153
S05,S14,0.298935642950691,0.298935642950691
T07,S07,0.29893445581574957,0.29893445581574957
S01,S07,0.2986732450903121,0.2986732450903121
E15,S09,0.298564910708954,0.298564910708954
S15,V15,0.2978191346901619,0.2978191346901619
T15,S14,0.2977854195454869,0.2977854195454869
E03,E07,-0.2973771106922319,0.2973771106922319
E14,S02,0.2966088030452666,0.2966088030452666
S07,V11,0.29658994960845775,0.29658994960845775
E05,S06,0.2960665791829971,0.2960665791829971
T13,V06,0.2959136657542887,0.2959136657542887
T13,S13,0.2958772209662032,0.2958772209662032
E02,E10,-0.2956393543093913,0.2956393543093913
S03,V05,0.2951237517837382,0.2951237517837382
E08,E15,0.2949317777969541,0.2949317777969541
S02,S08,0.29478636799242075,0.29478636799242075
T12,V10,0.2947109755265578,0.2947109755265578
E02,E03,0.29456005918798456,0.29456005918798456
T08,T09,0.2940068547136717,0.2940068547136717
T12,T15,0.2938941889363822,0.2938941889363822
S07,V13,0.2930665261958469,0.2930665261958469
E11,S08,0.29298837194852745,0.29298837194852745
E11,V05,0.2926922285667785,0.2926922285667785
S03,S06,0.29256536744642553,0.29256536744642553
S09,V02,0.29178897334922826,0.29178897334922826
E07,V11,0.2914950617771468,0.2914950617771468
E08,S14,0.2911044190620894,0.2911044190620894
S06,V06,0.29106247824787757,0.29106247824787757
E07,V15,0.29072503927270515,0.29072503927270515
T04,T15,0.2894175596940893,0.2894175596940893
T03,V02,0.28916577080177513,0.28916577080177513
E05,E07,0.28916460186118687,0.28916460186118687
E14,S15,0.28852600251529104,0.28852600251529104
E14,S10,0.28842308016155543,0.28842308016155543
T07,V11,0.2877370001936484,0.2877370001936484
T04,S13,0.28757601352278267,0.28757601352278267
T06,S13,0.28749908581195327,0.28749908581195327
E07,S01,0.28744379001698117,0.28744379001698117
T07,V02,0.28718139546223936,0.28718139546223936
E14,S07,0.2870430401661168,0.2870430401661168
T04,E12,0.28701266596551045,0.28701266596551045
E10,S05,0.2869677637312832,0.2869677637312832
T14,S05,0.2869568353335237,0.2869568353335237
S13,V11,0.2867460080896741,0.2867460080896741
E14,V02,0.286263778507886,0.286263778507886
S13,V13,0.2856622095062708,0.2856622095062708
V03,V13,0.2853413632215268,0.2853413632215268
T07,V13,0.2852907111486456,0.2852907111486456
S04,S13,0.2852466731223695,0.2852466731223695
E07,V10,0.28486963413058297,0.28486963413058297
T11,V06,0.2837737485724508,0.2837737485724508
E14,V15,0.28369414947650284,0.28369414947650284
T03,T14,0.2833337649784995,0.2833337649784995
S13,V09,0.2830946432371707,0.2830946432371707
V02,V05,0.2824933422296057,0.2824933422296057
T05,T15,0.2822133207761039,0.2822133207761039
S07,V09,0.2820800809158471,0.2820800809158471
T02,E14,0.28173003141408665,0.28173003141408665
T13,S06,0.2812890830765574,0.2812890830765574
E12,V14,0.280959165916203,0.280959165916203
T15,V06,0.28063886859407844,0.28063886859407844
T01,T12,-0.28056617145966867,0.28056617145966867
S15,V09,0.28050397425692747,0.28050397425692747
T07,S09,0.2795434716310875,0.2795434716310875
E12,S12,0.2786994782651824,0.2786994782651824
T12,V15,0.27794093670404035,0.27794093670404035
E09,V12,0.2777293932527106,0.2777293932527106
V05,V09,0.2776298183154286,0.2776298183154286
T07,S10,0.27749375268879434,0.27749375268879434
E12,V11,0.27719558397315275,0.27719558397315275
S03,V07,0.2766553307215101,0.2766553307215101
E10,S07,0.27654019776804495,0.27654019776804495
T10,E09,0.27615815730866394,0.27615815730866394
T06,E01,0.27586876258107773,0.27586876258107773
E15,S06,0.27585358652542585,0.27585358652542585
T11,S03,0.2758248368290747,0.2758248368290747
S12,V10,0.2758151358108718,0.2758151358108718
V06,V14,0.2757523125980126,0.2757523125980126
E12,S03,0.2755768090757284,0.2755768090757284
S06,S13,0.27534957179115166,0.27534957179115166
E14,S01,0.275250498104083,0.275250498104083
S06,S14,0.27519457568218525,0.27519457568218525
E15,V11,0.27513213483780186,0.27513213483780186
S03,V10,0.2751293230479778,0.2751293230479778
T10,E11,0.2748418995500572,0.2748418995500572
T05,V06,0.27402311282598024,0.27402311282598024
E12,V07,0.2738954029226464,0.2738954029226464
S13,V06,0.2733801123018364,0.2733801123018364
E08,V03,0.27332300504735746,0.27332300504735746
T07,V08,0.2733186944750972,0.2733186944750972
E07,S02,0.27312428391388377,0.27312428391388377
S01,V07,0.2727987840093556,0.2727987840093556
V01,V03,0.2722902762962442,0.2722902762962442
E11,S14,0.27169735036205483,0.27169735036205483
E09,V07,0.27142049135189206,0.27142049135189206
V02,V14,0.2712042792514944,0.2712042792514944
S09,V08,0.27114173729718316,0.27114173729718316
S01,S04,0.2710121892225431,0.2710121892225431
E10,S12,0.27097994378436,0.27097994378436
S06,V15,0.2709011647825254,0.2709011647825254
V02,V03,0.2697585034253417,0.2697585034253417
S02,V04,0.26947225638370764,0.26947225638370764
S04,V07,0.26924856174357215,0.26924856174357215
S02,V08,0.26924301904215525,0.26924301904215525
T12,T14,0.2692058062116816,0.2692058062116816
E11,S10,0.2683809035858126,0.2683809035858126
T05,V01,0.26774172573436145,0.26774172573436145
T02,S15,0.2676258501672505,0.2676258501672505
V01,V15,0.2671705857621036,0.2671705857621036
S09,S10,0.2671251869401114,0.2671251869401114
E07,V13,0.26682952498446694,0.26682952498446694
V02,V13,0.2662321543371258,0.2662321543371258
S04,V10,0.26619832809128724,0.26619832809128724
T11,V03,0.26565917769361197,0.26565917769361197
E15,V07,0.2647049984928828,0.2647049984928828
E07,S13,0.2644388611000096,0.2644388611000096
T08,T11,0.26423411716511014,0.26423411716511014
S04,S06,0.263895420546785,0.263895420546785
E11,S05,0.26272234638183534,0.26272234638183534
V02,V06,0.2623202372588152,0.2623202372588152
S10,V07,0.2620010094907875,0.2620010094907875
S05,V12,0.2613078907548664,0.2613078907548664
T07,T14,0.2611841882784186,0.2611841882784186
V09,V11,0.2611040067985276,0.2611040067985276
T07,T11,0.2610324292609526,0.2610324292609526
E03,S06,-0.26032967335051266,0.26032967335051266
E11,V12,0.2597380739692086,0.2597380739692086
S07,V10,0.2596402145504898,0.2596402145504898
T12,S04,0.2595964705608404,0.2595964705608404
E10,S15,0.25938803588081344,0.25938803588081344
E13,S02,0.2590250098491913,0.2590250098491913
T13,V13,0.2583995760232877,0.2583995760232877
E11,V03,0.2583435291626531,0.2583435291626531
T05,S07,0.25825288740663216,0.25825288740663216
S07,V03,0.25759110168550614,0.25759110168550614
T11,V09,0.25748520973581845,0.25748520973581845
T13,E11,0.25715996380369704,0.25715996380369704
S08,S12,0.2562673737062116,0.2562673737062116
T07,S14,0.2560521219187826,0.2560521219187826
S11,S15,0.2556843338982729,0.2556843338982729
E11,S02,0.25528833207596213,0.25528833207596213
S02,V12,0.2551218739121935,0.2551218739121935
S05,V09,0.25493216224895615,0.25493216224895615
E11,S01,0.254922203790965,0.254922203790965
S03,V15,0.25437092055256133,0.25437092055256133
E07,S15,0.2540326874917885,0.2540326874917885
S03,V06,0.25351999872866693,0.25351999872866693
T10,T14,0.2533792139154197,0.2533792139154197
T11,V12,0.25322761285311085,0.25322761285311085
V07,V11,0.2531356266308605,0.2531356266308605
E14,S09,0.2524973089383972,0.2524973089383972
E03,E05,-0.252372698045257,0.252372698045257
E05,S07,0.2521646758365091,0.2521646758365091
S02,V15,0.25196762038391396,0.25196762038391396
S11,V04,0.2514026845392095,0.2514026845392095
S07,S12,0.25132708303677265,0.25132708303677265
S02,S14,0.25121151259262015,0.25121151259262015
T09,S08,0.2512008957443711,0.2512008957443711
S01,V12,0.2511908972361277,0.2511908972361277
S06,V03,0.2502213961516753,0.2502213961516753
S07,S13,0.24996420090632113,0.24996420090632113
E07,S03,0.2499627230704286,0.2499627230704286
V11,V15,0.2497678436276604,0.2497678436276604
T04,E10,0.24909409838476032,0.24909409838476032
T02,V02,0.2483136405980474,0.2483136405980474
V10,V14,0.24813993883035199,0.24813993883035199
S10,S15,0.24780074730557058,0.24780074730557058
E09,S03,0.2475309906638363,0.2475309906638363
T05,S05,0.24743588843297434,0.24743588843297434
T06,E15,0.24676323227210542,0.24676323227210542
T03,S02,0.2461339455033351,0.2461339455033351
E10,V01,0.24589027245408993,0.24589027245408993
E01,V07,0.2455482712753918,0.2455482712753918
T13,E10,0.24476359548480758,0.24476359548480758
T12,V02,0.24470234121585535,0.24470234121585535
S04,V13,0.2444132770228581,0.2444132770228581
E03,S14,-0.2443042711235405,0.2443042711235405
T07,T09,0.24417175404573946,0.24417175404573946
T02,V11,0.24382228334896086,0.24382228334896086
T06,V05,0.24357550513731097,0.24357550513731097
E15,S14,0.24346405625921969,0.24346405625921969
S11,V02,0.24339795257536193,0.24339795257536193
E12,S09,0.24334111391993166,0.24334111391993166
S08,V10,0.24314538565709626,0.24314538565709626
E08,E12,0.2428770324724389,0.2428770324724389
S04,S05,0.24242250683758348,0.24242250683758348
T07,V10,0.2422838691307598,0.2422838691307598
S11,V11,0.2421511614474489,0.2421511614474489
E09,S12,0.24203940980049843,0.24203940980049843
S07,V08,0.2415092917356142,0.2415092917356142
T11,S01,0.24150585669498442,0.24150585669498442
E05,E09,0.24069210611374303,0.24069210611374303
T07,S12,0.24059635211975347,0.24059635211975347
T11,E11,0.24053138688849088,0.24053138688849088
T05,S10,0.24028985773822176,0.24028985773822176
T05,T08,0.2401658724571252,0.2401658724571252
S04,V03,0.24006032658480259,0.24006032658480259
S01,S11,0.23953349651821293,0.23953349651821293
E05,V12,0.2393941725306217,0.2393941725306217
T11,S11,0.2393315399979914,0.2393315399979914
E11,S13,0.23881150497877288,0.23881150497877288
T09,S10,0.23879522808450543,0.23879522808450543
S08,S14,0.2381859643646383,0.2381859643646383
E03,S05,-0.2379076648159751,0.2379076648159751
T14,S12,0.23785154974593406,0.23785154974593406
V03,V11,0.2377162946971146,0.2377162946971146
E14,S12,0.23708123444783605,0.23708123444783605
T11,V08,0.2368835065167493,0.2368835065167493
S15,V05,0.23655374130653112,0.23655374130653112
E07,S10,0.2365283334584807,0.2365283334584807
T02,T06,0.23650038409547064,0.23650038409547064
T04,E07,0.2364042083757752,0.2364042083757752
E12,S10,0.23630003799915683,0.23630003799915683
S11,V13,0.23622512277728253,0.23622512277728253
E11,V13,0.23612472225890463,0.23612472225890463
S02,V07,0.23591022984607724,0.23591022984607724
S12,S13,0.2354820324940901,0.2354820324940901
S05,S09,0.23537701649484152,0.23537701649484152
V01,V07,0.235245258516503,0.235245258516503
S15,V07,0.2347573673611841,0.2347573673611841
T12,E11,0.23393441853741473,0.23393441853741473
T12,S12,0.2338564107017654,0.2338564107017654
S13,V07,0.23381233475529684,0.23381233475529684
S05,S07,0.23328350802935177,0.23328350802935177
T09,S12,0.23262589335838962,0.23262589335838962
T11,V07,0.23242756244825588,0.23242756244825588
T07,S15,0.2321528977609885,0.2321528977609885
T01,E08,0.23192312914818153,0.23192312914818153
S12,V05,0.23188369697441621,0.23188369697441621
E02,E07,-0.2316875747827354,0.2316875747827354
S12,V02,0.23152998345180884,0.23152998345180884
E08,S15,0.23131419295433941,0.23131419295433941
T07,S01,0.23129138694973736,0.23129138694973736
S12,V08,0.2309424791327785,0.2309424791327785
T14,V02,0.23088651062680798,0.23088651062680798
E01,E06,0.23072739292406205,0.23072739292406205
E12,S01,0.230312317792905,0.230312317792905
E02,E11,-0.23016462074804409,0.23016462074804409
T05,S15,0.23014318449143245,0.23014318449143245
S12,V11,0.22980213662070165,0.22980213662070165
T12,V09,0.2296230873086815,0.2296230873086815
V01,V08,0.22961638873705437,0.22961638873705437
E12,V08,0.2288920595605447,0.2288920595605447
T05,S13,0.22846835072482238,0.22846835072482238
T03,S12,0.2284162780854477,0.2284162780854477
S10,V06,0.2277886986073189,0.2277886986073189
T12,V04,0.2275838737103565,0.2275838737103565
S06,S10,0.2274784002288246,0.2274784002288246
S01,V06,0.2274478385022177,0.2274478385022177
S03,S10,0.227219568029835,0.227219568029835
T15,V14,0.22714316717965838,0.22714316717965838
E10,V13,0.22710140331702006,0.22710140331702006
E13,V01,-0.2267965213391946,0.2267965213391946
T03,V04,0.22672392193676338,0.22672392193676338
T10,S02,0.2267008494751811,0.2267008494751811
T05,S12,0.22648100036870603,0.22648100036870603
T06,E03,-0.2258339693064063,0.2258339693064063
T05,V11,0.2257361172400767,0.2257361172400767
E02,E09,-0.2257123403966634,0.2257123403966634
E14,S06,0.22526116863357395,0.22526116863357395
T07,S08,0.22501608760560513,0.22501608760560513
T12,V06,0.22487607972290088,0.22487607972290088
E05,S09,0.2246332062468145,0.2246332062468145
T08,E13,0.2243946120036362,0.2243946120036362
E09,V08,0.22368585957892162,0.22368585957892162
T10,S03,0.2236207130038613,0.2236207130038613
S14,V02,0.2235663612749855,0.2235663612749855
E15,S08,0.22353955083220778,0.22353955083220778
E05,S11,0.2230731366352968,0.2230731366352968
T13,V12,0.22298908533212145,0.22298908533212145
S10,V02,0.222030938192997,0.222030938192997
T03,V15,0.22189172585907582,0.22189172585907582
E04,E07,0.2216460612902501,0.2216460612902501
V02,V15,0.2215748313206176,0.2215748313206176
E09,E13,0.22152007267580118,0.22152007267580118
E12,S15,0.2213930037784446,0.2213930037784446
T11,S15,0.2213009099877872,0.2213009099877872
E03,E04,-0.22116746069240897,0.22116746069240897
T07,S13,0.22053812514611706,0.22053812514611706
S01,S10,0.220484801685886,0.220484801685886
T06,T15,0.22041865671449598,0.22041865671449598
E15,V01,0.22016690600431488,0.22016690600431488
T06,E06,0.21999466459662378,0.21999466459662378
T06,T12,0.2199251447705915,0.2199251447705915
E01,S06,0.21962556152684246,0.21962556152684246
E12,S11,0.2193161860106466,0.2193161860106466
S05,V06,0.2191180951687621,0.2191180951687621
S02,V05,0.21903295330263772,0.21903295330263772
S05,S06,0.2186880520422825,0.2186880520422825
S04,V09,0.2185872787490844,0.2185872787490844
E09,S01,0.21853335952369574,0.21853335952369574
T15,S13,0.2185314423724176,0.2185314423724176
E09,S08,0.21848950815825188,0.21848950815825188
E05,E15,0.21836502097094362,0.21836502097094362
E05,E11,0.21805581272837085,0.21805581272837085
E12,S04,0.21801401663197514,0.21801401663197514
E15,S01,0.21798708887666782,0.21798708887666782
T15,V11,0.21790015387318826,0.21790015387318826
S15,V14,0.21779595666896598,0.21779595666896598
E01,E12,0.21778772252686193,0.21778772252686193
E14,S13,0.21713596745488464,0.21713596745488464
E09,V14,0.21674090348789019,0.21674090348789019
E05,V08,0.2166783572806392,0.2166783572806392
S14,V11,0.21646107680406676,0.21646107680406676
E01,E07,0.21642011903561373,0.21642011903561373
E03,S13,-0.2159840980445918,0.2159840980445918
T01,S04,-0.21587923842171308,0.21587923842171308
E12,V10,0.21582320507701755,0.21582320507701755
E02,S07,-0.2157866686407047,0.2157866686407047
S01,S05,0.21565789982231534,0.21565789982231534
E05,V15,0.21513507851277028,0.21513507851277028
S14,V04,0.21509221309354018,0.21509221309354018
E15,V08,0.21493986698845896,0.21493986698845896
T04,S15,0.21468736742960523,0.21468736742960523
T06,V03,0.21463742977776243,0.21463742977776243
S09,V01,0.21409607909851602,0.21409607909851602
E03,S12,-0.21369113239203041,0.21369113239203041
E11,V01,0.213643022635682,0.213643022635682
E11,S12,0.21326748070912774,0.21326748070912774
T02,T04,0.21318301655910699,0.21318301655910699
T08,V11,0.21256403043288058,0.21256403043288058
T07,V04,0.21248823197106836,0.21248823197106836
T11,S08,0.21224463150461242,0.21224463150461242
S03,V12,0.2122274647090569,0.2122274647090569
E04,V09,0.2121383756303035,0.2121383756303035
S01,V11,0.21105514817550602,0.21105514817550602
S03,S11,0.2104843232161864,0.2104843232161864
S07,S10,0.2102694995042789,0.2102694995042789
S04,S08,0.20960986571457146,0.20960986571457146
T03,T15,0.20903194004474424,0.20903194004474424
E12,V12,0.2083568067478473,0.2083568067478473
S01,V09,0.20832141202918958,0.20832141202918958
S06,S12,0.2081248456679311,0.2081248456679311
S08,V15,0.20797235332933997,0.20797235332933997
T11,E14,0.2078427070921314,0.2078427070921314
T10,S01,0.20782975368782897,0.20782975368782897
E04,V11,0.20744463943014868,0.20744463943014868
E12,V02,0.2072239772964179,0.2072239772964179
T05,T07,0.20708862067907335,0.20708862067907335
V05,V11,0.20699346373353006,0.20699346373353006
T10,S12,0.20698202205825286,0.20698202205825286
S05,V15,0.2067513222768634,0.2067513222768634
T08,E08,-0.20646258145328006,0.20646258145328006
E08,V04,0.20638407704059686,0.20638407704059686
E05,V13,0.20634318003219845,0.20634318003219845
T10,V10,0.20629436467103668,0.20629436467103668
E03,S11,-0.20566515501409918,0.20566515501409918
E06,E07,0.20564256452525773,0.20564256452525773
T06,E11,0.20562556775930335,0.20562556775930335
T13,S14,0.2052763633187495,0.2052763633187495
S10,V09,0.20522864360442813,0.20522864360442813
T13,S08,0.20519993843638404,0.20519993843638404
E04,S06,0.20457532337348633,0.20457532337348633
T10,V15,0.20439083260316482,0.20439083260316482
T13,E09,0.20405752250492773,0.20405752250492773
E05,V01,0.20386973405946346,0.20386973405946346
S08,V05,0.20358307451252708,0.20358307451252708
T07,S06,0.20356332550324865,0.20356332550324865
E03,V08,-0.20343408147591968,0.20343408147591968
S10,V01,0.2032517693738596,0.2032517693738596
E01,S11,0.2031498562844805,0.2031498562844805
E04,E10,0.20295420134692405,0.20295420134692405
T11,T14,0.20245114333092035,0.20245114333092035
E10,V06,0.2024268201224232,0.2024268201224232
T05,E10,0.2023914966025424,0.2023914966025424
T13,V15,0.20226359058922153,0.20226359058922153
E06,S07,0.2021375387258029,0.2021375387258029
S03,V13,0.20187718077403993,0.20187718077403993
E09,E12,0.2017864178220073,0.2017864178220073
T13,S10,0.20177607534616357,0.20177607534616357
S01,V02,0.20165958794067024,0.20165958794067024
S01,S06,0.20122290173025575,0.20122290173025575
T11,E12,0.20072726846092787,0.20072726846092787
E15,V06,0.20066681113346652,0.20066681113346652
E12,V05,0.20056801084312142,0.20056801084312142
E12,S02,0.2003686820264211,0.2003686820264211
E11,S03,0.20020183106695927,0.20020183106695927
E10,V11,0.199686764878767,0.199686764878767
S08,S15,0.19966875126748931,0.19966875126748931
T04,E09,0.19958559169915147,0.19958559169915147
E03,V07,-0.19958308769573876,0.19958308769573876
T05,S06,0.19949157218068406,0.19949157218068406
T01,E12,0.199475253020511,0.199475253020511
E08,V10,0.1993623838316279,0.1993623838316279
E08,S01,0.1993312397345661,0.1993312397345661
T10,S14,0.19920104678019174,0.19920104678019174
E02,S11,-0.19917836058143004,0.19917836058143004
S04,V04,0.19912899037234785,0.19912899037234785
T06,S12,0.19892492592181027,0.19892492592181027
T06,V06,0.1988023590508381,0.1988023590508381
T15,V15,0.19870265914939284,0.19870265914939284
T11,S07,0.19861283055355797,0.19861283055355797
E08,V12,0.19848494927765292,0.19848494927765292
T09,V11,0.19829096323585868,0.19829096323585868
T05,T06,0.19829046427390845,0.19829046427390845
T07,S03,0.19757781774471467,0.19757781774471467
T09,T11,0.19643523491161624,0.19643523491161624
S01,V03,0.19626899662797045,0.19626899662797045
T07,V07,0.19587002887474897,0.19587002887474897
E02,S03,-0.19551650424400535,0.19551650424400535
E13,S01,0.19510518026314375,0.19510518026314375
T03,S15,0.19507565714175032,0.19507565714175032
S01,V15,0.19481400700415835,0.19481400700415835
E02,S09,-0.1947645822999408,0.1947645822999408
E12,S06,0.19459663016982343,0.19459663016982343
E07,V06,0.1942192725395756,0.1942192725395756
E04,V05,0.19416773672084575,0.19416773672084575
V01,V06,0.1940703122516593,0.1940703122516593
T12,E06,-0.1933397053589474,0.1933397053589474
T09,V15,0.1933295284439732,0.1933295284439732
T13,V02,0.192628994761826,0.192628994761826
S15,V13,0.19261004787247848,0.19261004787247848
T03,S05,0.19259273514204875,0.19259273514204875
E15,V09,0.19216104375013326,0.19216104375013326
E03,V13,-0.19215630724695032,0.19215630724695032
E15,S10,0.1917256996164919,0.1917256996164919
E09,E11,0.19159334547664372,0.19159334547664372
T14,S10,0.19148857737278807,0.19148857737278807
E14,V09,0.19148369368999635,0.19148369368999635
T13,S05,0.19112427402153664,0.19112427402153664
E09,S15,0.19110049450505476,0.19110049450505476
T12,V13,0.19097095024248636,0.19097095024248636
T14,V13,0.19083803964673193,0.19083803964673193
E13,S10,0.19042920983597436,0.19042920983597436
T03,T11,0.1903887581412943,0.1903887581412943
S10,V14,0.18998416765258677,0.18998416765258677
E03,V05,-0.18995156945568278,0.18995156945568278
E06,E08,0.18992939331022154,0.18992939331022154
T06,S04,0.18980434662927712,0.18980434662927712
E02,V11,-0.18959130048583503,0.18959130048583503
E03,S07,-0.18950697500283487,0.18950697500283487
E10,V08,0.18934040190329968,0.18934040190329968
T10,V13,0.18926351955211845,0.18926351955211845
S03,V04,0.18919710500114484,0.18919710500114484
E01,V14,0.18869570102629224,0.18869570102629224
T15,S11,0.18866549309979125,0.18866549309979125
T05,V14,0.18865705576712938,0.18865705576712938
T14,S09,0.18837757846204428,0.18837757846204428
T12,S10,0.1880775668454516,0.1880775668454516
T12,E10,0.18700278709658205,0.18700278709658205
T03,V07,0.18667670694149444,0.18667670694149444
E14,V11,0.1866637696914385,0.1866637696914385
T01,T07,0.1864790969595652,0.1864790969595652
T13,E07,0.18613666259444223,0.18613666259444223
E10,V12,0.18604230865788643,0.18604230865788643
T01,T05,0.18602354203601357,0.18602354203601357
T10,S15,0.18535627520182804,0.18535627520182804
E05,S05,0.185194821525902,0.185194821525902
E11,S15,0.18486249114326592,0.18486249114326592
S03,S07,0.18480965527899418,0.18480965527899418
T11,E15,0.18444353644526515,0.18444353644526515
E06,V11,0.18414738602071326,0.18414738602071326
T06,S10,0.1836635696412877,0.1836635696412877
E13,V06,0.18353948066479495,0.18353948066479495
T06,V09,0.18351526078011823,0.18351526078011823
E02,E15,-0.18296391889817482,0.18296391889817482
S11,V01,0.18276310469269683,0.18276310469269683
E13,S08,0.18269838670526578,0.18269838670526578
S01,V13,0.18245354168263095,0.18245354168263095
T09,S02,0.18220516671675765,0.18220516671675765
T12,S09,0.18196089882852015,0.18196089882852015
V01,V12,0.18181692848361777,0.18181692848361777
T02,E05,-0.18128102774439422,0.18128102774439422
T02,S14,0.1809906447317685,0.1809906447317685
S02,S11,0.18092266372065288,0.18092266372065288
T14,E14,-0.1807076171517579,0.1807076171517579
E06,E13,0.1806831944357067,0.1806831944357067
T10,S10,0.17971598522766655,0.17971598522766655
E10,S10,0.17936785335494201,0.17936785335494201
T15,E09,-0.17933490993433468,0.17933490993433468
T01,E02,0.1792464281248411,0.1792464281248411
E15,S03,0.17897503565627737,0.17897503565627737
S12,V13,0.17862036670030665,0.17862036670030665
T12,S03,0.17810749150988758,0.17810749150988758
T10,E07,0.1779302040982862,0.1779302040982862
E04,V07,0.17783965431358506,0.17783965431358506
E09,S14,0.177769644984484,0.177769644984484
T15,V09,0.17764406984673423,0.17764406984673423
E14,V07,0.17747577517241725,0.17747577517241725
T08,E02,0.17742959126461946,0.17742959126461946
T01,T08,0.17729723859070168,0.17729723859070168
S05,S12,0.17721544914461893,0.17721544914461893
E08,S06,0.1771383271317059,0.1771383271317059
T05,E14,0.1768902110622669,0.1768902110622669
T08,E06,0.17678383729417715,0.17678383729417715
E06,E14,0.1766118246340747,0.1766118246340747
T12,V08,0.1762820502689363,0.1762820502689363
S13,V02,0.17613255942089487,0.17613255942089487
T06,V02,0.17607378828837603,0.17607378828837603
E14,V03,0.17525673848235473,0.17525673848235473
E03,V01,-0.17498247966230032,0.17498247966230032
E03,E15,-0.17497019672511088,0.17497019672511088
E14,V06,0.17473747611033824,0.17473747611033824
V01,V05,0.17345368404819556,0.17345368404819556
S02,V09,0.17340203858429537,0.17340203858429537
T07,V05,0.1733949029619496,0.1733949029619496
E14,S14,0.1733096229840205,0.1733096229840205
E05,V02,0.17327375748497748,0.17327375748497748
T12,S15,0.17307114828748518,0.17307114828748518
E10,V02,0.17290849176781067,0.17290849176781067
T14,E01,-0.17288893722188228,0.17288893722188228
E13,S07,0.17247581517925326,0.17247581517925326
T05,T11,0.17231451165687472,0.17231451165687472
T15,V13,0.171932852565096,0.171932852565096
T09,V07,0.17190296114445774,0.17190296114445774
S01,V01,0.17166050868014934,0.17166050868014934
V02,V09,0.171629568325161,0.171629568325161
T06,S14,0.171527783488694,0.171527783488694
T14,V14,0.17152443132428818,0.17152443132428818
E01,V03,0.1713409413459117,0.1713409413459117
T03,S08,0.1711751181587275,0.1711751181587275
E03,S04,-0.1708134476281085,0.1708134476281085
E04,S09,0.17059600628875132,0.17059600628875132
V01,V10,0.17048947711295973,0.17048947711295973
T14,S14,0.1702362690442702,0.1702362690442702
E07,S04,0.1701733867672291,0.1701733867672291
S03,V08,0.17004820750343502,0.17004820750343502
E04,V13,0.17003641784402465,0.17003641784402465
S08,V07,0.16970977967848047,0.16970977967848047
T04,S03,0.16964427445394314,0.16964427445394314
S04,V08,0.1695725211056206,0.1695725211056206
T15,V02,0.16936868658894594,0.16936868658894594
S12,V01,0.16930182186347598,0.16930182186347598
E08,S07,0.16919128983847112,0.16919128983847112
S05,V04,0.1690910236452799,0.1690910236452799
T07,S02,0.16878078747643588,0.16878078747643588
S11,V03,0.16876312124869974,0.16876312124869974
T04,V05,-0.16853730620894228,0.16853730620894228
T12,E03,-0.16809692801347836,0.16809692801347836
T12,V07,0.16798488577978204,0.16798488577978204
T04,T14,0.16797721326846293,0.16797721326846293
S04,S15,0.16766075693716664,0.16766075693716664
E03,V14,-0.16756320164875518,0.16756320164875518
T11,T15,0.1672525923846447,0.1672525923846447
E12,V06,0.1670403152740594,0.1670403152740594
E04,S03,0.16687112138619634,0.16687112138619634
E14,V12,0.16682223069494423,0.16682223069494423
E01,S09,0.16678615731561386,0.16678615731561386
E08,S08,0.16654988299868767,0.16654988299868767
T07,V12,0.16625225909010677,0.16625225909010677
T02,S08,0.16543730729647987,0.16543730729647987
S13,V01,0.16507229038621338,0.16507229038621338
E01,V05,0.16502014771507972,0.16502014771507972
T04,T06,0.16484603407113374,0.16484603407113374
T10,E05,0.164844336457981,0.164844336457981
S05,V10,0.16462364297446686,0.16462364297446686
E11,V11,0.16448972591172778,0.16448972591172778
T14,V01,0.1643455657453762,0.1643455657453762
E07,S07,0.16429614790634572,0.16429614790634572
S02,V03,0.16421409168190615,0.16421409168190615
E07,S12,0.16407191022143247,0.16407191022143247
E04,V14,0.163954944778638,0.163954944778638
T04,S14,0.16386181270753714,0.16386181270753714
T02,E03,-0.1636146731999971,0.1636146731999971
S11,V10,0.1636080521282725,0.1636080521282725
E09,V15,0.1635118701098896,0.1635118701098896
T11,S06,0.16333815693687503,0.16333815693687503
T06,V07,0.16326417172273197,0.16326417172273197
T01,V12,-0.16324976206939862,0.16324976206939862
E06,E10,0.163200658231058,0.163200658231058
E09,S04,0.16302736973485474,0.16302736973485474
S01,V08,0.16249611263201144,0.16249611263201144
E13,V08,0.16232515130429995,0.16232515130429995
E06,E09,0.16228545566470245,0.16228545566470245
E03,V02,-0.16211522380485716,0.16211522380485716
T09,V14,0.1619701274633096,0.1619701274633096
T03,T10,0.16181113642691128,0.16181113642691128
S14,V01,0.1617405614693344,0.1617405614693344
T14,V11,0.16152083277812113,0.16152083277812113
T12,S01,0.16138038841654115,0.16138038841654115
E14,S03,0.16110446089483516,0.16110446089483516
E08,E14,0.1605521905195168,0.1605521905195168
T05,T12,0.16045756503192685,0.16045756503192685
E05,E08,0.16036324614229844,0.16036324614229844
E15,V04,0.16017492172366374,0.16017492172366374
E04,S14,0.1599930293382358,0.1599930293382358
T04,V03,0.15958957632965515,0.15958957632965515
E01,E03,-0.1595081409938038,0.1595081409938038
T05,E09,-0.15939087703976393,0.15939087703976393
E10,V03,0.15908169899459804,0.15908169899459804
T10,S06,0.15870083476910404,0.15870083476910404
T09,T10,-0.158623056197834,0.158623056197834
T08,S12,0.1584794393040256,0.1584794393040256
T04,S08,-0.15838592757485095,0.15838592757485095
E05,S12,0.15835829394428072,0.15835829394428072
T05,V15,0.15832617156216636,0.15832617156216636
E08,V15,0.15828495846579052,0.15828495846579052
T06,V11,0.1581192773788231,0.1581192773788231
S05,S11,0.15768733282267275,0.15768733282267275
S13,V05,0.15720838408971718,0.15720838408971718
S05,V11,0.15720253756140998,0.15720253756140998
E09,S09,0.15693645880559529,0.15693645880559529
S04,V14,0.1567834421924487,0.1567834421924487
T04,S12,0.15672147842183418,0.15672147842183418
E15,S04,0.15665004369237884,0.15665004369237884
T05,V10,0.1564149466400466,0.1564149466400466
E08,V08,0.156397124661767,0.156397124661767
T11,V14,0.1558258317210142,0.1558258317210142
T03,E01,-0.1557096592334318,0.1557096592334318
E09,V02,-0.15564896026881633,0.15564896026881633
T02,V08,0.15552924635058904,0.15552924635058904
T03,T09,0.1554202757393107,0.1554202757393107
T15,E08,0.1552469248589539,0.1552469248589539
S08,S11,0.15501078591520484,0.15501078591520484
E10,S02,0.15495022099872288,0.15495022099872288
E02,S14,-0.15433972937519105,0.15433972937519105
E02,S06,-0.15426931755984513,0.15426931755984513
E07,V01,0.15394905997875022,0.15394905997875022
T08,E12,0.15343413119942861,0.15343413119942861
T10,V04,0.1531768280393848,0.1531768280393848
T08,S10,0.15297541067105805,0.15297541067105805
T11,E13,0.15292665572460168,0.15292665572460168
T13,V09,0.15282868431884536,0.15282868431884536
E09,V10,0.1527358628939276,0.1527358628939276
T15,V04,0.15255033155186562,0.15255033155186562
T11,T13,0.15254336607913171,0.15254336607913171
T13,V05,0.1523958129928354,0.1523958129928354
T09,S11,0.15223400083490285,0.15223400083490285
T02,V03,0.15181202933701177,0.15181202933701177
T03,V08,0.15127908743387064,0.15127908743387064
S10,V05,0.15108040425773442,0.15108040425773442
E15,S12,0.1510214162812611,0.1510214162812611
E07,V05,0.15089347851113125,0.15089347851113125
T03,E07,0.15070403482088224,0.15070403482088224
T03,E14,0.15068845408967985,0.15068845408967985
T10,V02,0.1501811920961294,0.1501811920961294
E05,S10,0.1500288954779248,0.1500288954779248
T09,E06,0.14991447593969237,0.14991447593969237
T10,S04,0.14986136527250143,0.14986136527250143
E14,V08,0.14950862889881725,0.14950862889881725
T02,S07,0.14947614668926007,0.14947614668926007
T05,V02,0.14923219605064392,0.14923219605064392
T04,T10,0.14922106804477003,0.14922106804477003
T09,S05,-0.14916468793710297,0.14916468793710297
S05,S13,0.14913918441025015,0.14913918441025015
T13,S11,0.14912295540490814,0.14912295540490814
T15,S10,0.14854607660866676,0.14854607660866676
T12,E04,-0.1483849179999492,0.1483849179999492
T13,V11,0.14830042535771668,0.14830042535771668
T03,S11,0.1482561118122607,0.1482561118122607
T05,E12,0.14783386932225262,0.14783386932225262
T02,S01,0.14782807524751135,0.14782807524751135
T05,T10,0.14762729725461718,0.14762729725461718
T10,S09,0.14734366975580876,0.14734366975580876
T03,S09,0.14729062908970667,0.14729062908970667
T08,E04,-0.1468048583212274,0.1468048583212274
E04,E12,0.14647283810544726,0.14647283810544726
E13,S15,0.14637532288012758,0.14637532288012758
T10,E03,-0.14619950601738269,0.14619950601738269
E04,S11,0.14603782475464633,0.14603782475464633
E04,V01,0.14552656239915085,0.14552656239915085
E01,E15,0.14522210584639514,0.14522210584639514
S10,V13,0.14509723925450713,0.14509723925450713
E14,S04,0.14505887592525546,0.14505887592525546
T11,V05,0.14499091565553787,0.14499091565553787
T15,S07,0.14399136027749987,0.14399136027749987
E01,E11,0.14385579051324437,0.14385579051324437
T06,T07,0.14379562862028142,0.14379562862028142
S04,S07,0.14339646934826375,0.14339646934826375
T14,V10,0.1428216132605833,0.1428216132605833
T13,E04,-0.1426282987345134,0.1426282987345134
T06,E07,0.14252754439232682,0.14252754439232682
E06,S14,0.14228303603885073,0.14228303603885073
T03,E15,0.14224753741939908,0.14224753741939908
S08,V14,0.14196280988451762,0.14196280988451762
T05,E03,-0.14154905006642668,0.14154905006642668
T07,E11,0.14147752428264945,0.14147752428264945
T03,E13,-0.1413242665171996,0.1413242665171996
S01,S13,0.14103100569179183,0.14103100569179183
T04,T11,-0.14093620813764388,0.14093620813764388
S01,V10,0.14087673182165603,0.14087673182165603
T05,T14,0.14087501520833354,0.14087501520833354
T15,S09,0.14049513733841848,0.14049513733841848
E09,S11,0.14044528357664726,0.14044528357664726
T03,T13,0.1403250432321055,0.1403250432321055
T12,S11,0.1399790815342689,0.1399790815342689
T06,V04,0.13963187074749653,0.13963187074749653
S03,V02,0.139444233514028,0.139444233514028
S05,V14,0.1392001322597118,0.1392001322597118
E04,E05,0.1390238893464537,0.1390238893464537
T02,S13,0.1387978851422576,0.1387978851422576
E05,E14,0.1386934838433769,0.1386934838433769
T11,E07,0.1386781439341775,0.1386781439341775
E06,S04,0.13866770884041474,0.13866770884041474
T13,S03,0.13861221547378322,0.13861221547378322
T07,T08,0.13858665188739736,0.13858665188739736
E02,S15,-0.13824523997419222,0.13824523997419222
T01,S05,-0.13819932262527715,0.13819932262527715
T15,V12,0.13793210247696455,0.13793210247696455
T15,V01,0.1378993658584736,0.1378993658584736
E10,E13,0.13756685322911064,0.13756685322911064
T02,S12,0.1371772099842147,0.1371772099842147
T05,E11,0.13714712428974246,0.13714712428974246
S05,V05,0.13703492848212123,0.13703492848212123
T15,V08,0.13688377550213032,0.13688377550213032
S05,S08,0.13640371966690926,0.13640371966690926
S12,V12,0.1358211297497096,0.1358211297497096
T04,E04,-0.13579102217396752,0.13579102217396752
T11,E06,0.13554303215493843,0.13554303215493843
T04,S01,0.1355036777906764,0.1355036777906764
T14,S13,0.1351441308099547,0.1351441308099547
E02,V14,-0.13486898284191143,0.13486898284191143
T10,S13,0.13473035735220146,0.13473035735220146
E03,V15,-0.13446993406185284,0.13446993406185284
T13,V03,0.1343679932845092,0.1343679932845092
T10,V12,0.13412479041662892,0.13412479041662892
E05,V14,0.133926006564601,0.133926006564601
E01,V12,0.13347442582585894,0.13347442582585894
T14,V05,-0.1333904192109254,0.1333904192109254
T12,E01,-0.1331912404270852,0.1331912404270852
E07,S05,0.13310906313222912,0.13310906313222912
E13,S04,0.1330951389221572,0.1330951389221572
T12,E07,0.13278029947777686,0.13278029947777686
T15,E07,0.13266577968129242,0.13266577968129242
E05,S13,0.13257198358122924,0.13257198358122924
E05,V09,0.1323685613396602,0.1323685613396602
E06,V15,0.1321306881171323,0.1321306881171323
E02,V01,-0.13181204705131938,0.13181204705131938
T06,E08,0.13159045750405024,0.13159045750405024
E10,V05,0.13158186361979476,0.13158186361979476
T15,E14,0.1315579461526333,0.1315579461526333
E12,E13,0.1314913531136803,0.1314913531136803
E12,V04,0.1314549371027634,0.1314549371027634
T03,T06,0.13082224110219304,0.13082224110219304
E07,V02,0.1307882232529029,0.1307882232529029
T10,V09,0.13071370812295585,0.13071370812295585
T06,V12,0.1304668980881726,0.1304668980881726
T14,E13,-0.1303941478388913,0.1303941478388913
S15,V01,0.13031861935264247,0.13031861935264247
S10,V12,0.13014896294099865,0.13014896294099865
T11,E08,0.13007046646853906,0.13007046646853906
T11,S02,0.12985176047815908,0.12985176047815908
E03,V09,-0.12955543386344204,0.12955543386344204
E04,V15,0.12939180299729716,0.12939180299729716
T10,S08,0.12928919641252706,0.12928919641252706
T02,E04,0.12913485490019236,0.12913485490019236
T12,S06,0.12909576796401376,0.12909576796401376
T02,S03,0.12907788971046966,0.12907788971046966
T15,V10,0.12901371617291477,0.12901371617291477
T13,E05,0.1289239109249802,0.1289239109249802
S12,V04,0.12882885571921426,0.12882885571921426
S08,S10,0.12872623434901373,0.12872623434901373
E04,S13,0.12867234865541968,0.12867234865541968
E13,V05,-0.12848431437462265,0.12848431437462265
E10,S01,0.12837204169467575,0.12837204169467575
E13,V13,-0.12796573076126858,0.12796573076126858
T09,T12,-0.12782278045792572,0.12782278045792572
S03,S08,0.12774505197803507,0.12774505197803507
T02,V10,0.1275882059880459,0.1275882059880459
T12,E14,0.12727363445457932,0.12727363445457932
T03,V12,0.1272152378180015,0.1272152378180015
T07,E06,0.12695916478573874,0.12695916478573874
E13,S09,0.1269226656828185,0.1269226656828185
T02,T08,0.12667284701839476,0.12667284701839476
T12,V05,0.126542495482616,0.126542495482616
E08,S09,0.12640596779862837,0.12640596779862837
T04,T08,0.1259291913386209,0.1259291913386209
T12,E02,0.12578234881361636,0.12578234881361636
E02,V08,-0.12566220754054092,0.12566220754054092
E02,S13,-0.1255823401804401,0.1255823401804401
T15,E12,0.12551040708559474,0.12551040708559474
T15,S06,0.12527901259863566,0.12527901259863566
E04,V08,0.12514161515097957,0.12514161515097957
T10,E10,0.12506400284311048,0.12506400284311048
T13,V04,0.12500131652826804,0.12500131652826804
T01,E14,0.12496696229222355,0.12496696229222355
T01,E10,-0.12492183695030704,0.12492183695030704
E08,V01,0.1248766229228448,0.1248766229228448
E12,S08,0.1247816063589367,0.1247816063589367
T13,V14,0.12475784230477203,0.12475784230477203
E01,S15,0.12475450686353103,0.12475450686353103
T06,S15,0.12472586023015382,0.12472586023015382
S01,V04,0.12467467972321979,0.12467467972321979
S02,V02,0.12460063817163672,0.12460063817163672
S08,V02,0.12458995242163971,0.12458995242163971
E13,V07,0.12434624461776624,0.12434624461776624
T01,E06,0.12419784117090552,0.12419784117090552
S04,V12,0.12406129543138596,0.12406129543138596
T13,E06,0.12365782903432788,0.12365782903432788
E13,V02,-0.1236342985859674,0.1236342985859674
T15,E15,0.12360509698588883,0.12360509698588883
T04,T05,0.12360294977767051,0.12360294977767051
T12,V03,0.12353160464899707,0.12353160464899707
T01,V05,-0.12340395547892119,0.12340395547892119
E12,V01,0.12340320213832412,0.12340320213832412
E14,V10,0.12335435512736123,0.12335435512736123
T02,S09,0.12282586901636895,0.12282586901636895
T03,V10,0.12274976475847038,0.12274976475847038
T03,T07,0.1225481776443759,0.1225481776443759
T02,E07,0.12217874453043183,0.12217874453043183
E02,E04,-0.12210496529949716,0.12210496529949716
T04,E15,0.12191700480115088,0.12191700480115088
S03,S05,0.12128696859988902,0.12128696859988902
T14,T15,0.1211409279572322,0.1211409279572322
T08,T13,0.12099963350707273,0.12099963350707273
T10,E12,0.12095496694309822,0.12095496694309822
T14,E06,0.1207998745181425,0.1207998745181425
S03,V14,0.12078944307583336,0.12078944307583336
E03,S03,-0.12060447087388945,0.12060447087388945
S10,V03,0.12022869926279804,0.12022869926279804
T13,S12,0.11993935358007785,0.11993935358007785
E06,E15,0.11985565462547744,0.11985565462547744
T14,S08,0.11974171048921531,0.11974171048921531
E01,E14,0.11956778890995004,0.11956778890995004
T09,E14,0.11941496192489351,0.11941496192489351
E03,V04,-0.11935388911028258,0.11935388911028258
T14,V06,-0.1190906648642728,0.1190906648642728
E13,V10,0.11887027700919331,0.11887027700919331
E15,V10,0.11873027043226196,0.11873027043226196
T01,V13,-0.1185322858152327,0.1185322858152327
E06,V08,0.1184326792026251,0.1184326792026251
T05,V08,0.11824449054631357,0.11824449054631357
T01,E15,-0.11820889035945403,0.11820889035945403
T09,E13,0.11819759069137996,0.11819759069137996
T01,V09,-0.11814774645413559,0.11814774645413559
S06,S08,0.11797815553102177,0.11797815553102177
T01,S13,-0.11793744947110713,0.11793744947110713
E07,V03,0.11752053098833902,0.11752053098833902
T09,E07,0.11750033174498989,0.11750033174498989
S01,V14,0.11740070748203014,0.11740070748203014
T06,T11,0.11729978951394122,0.11729978951394122
T05,V04,0.11700843390029754,0.11700843390029754
T10,V08,0.11680352585657136,0.11680352585657136
T07,V15,0.11667225695966865,0.11667225695966865
T05,S03,0.11656827667727679,0.11656827667727679
T06,S06,0.11635600363823191,0.11635600363823191
E15,S05,0.1159487982413628,0.1159487982413628
E04,E11,-0.11587826056369088,0.11587826056369088
T08,S05,0.11580514779233941,0.11580514779233941
T03,V13,0.11573799469247749,0.11573799469247749
E06,V09,0.11558967985968409,0.11558967985968409
T04,S09,0.11557202313772734,0.11557202313772734
E06,S13,0.11548760414945387,0.11548760414945387
E15,V13,0.11468742652790972,0.11468742652790972
T06,V14,0.11453867696850303,0.11453867696850303
E05,V10,0.11394514345433038,0.11394514345433038
T08,V10,0.11392770546849297,0.11392770546849297
S04,S11,0.11391004977336763,0.11391004977336763
E12,V09,0.11390363890286676,0.11390363890286676
E09,S05,0.11381335242245336,0.11381335242245336
T01,T13,-0.11367641536767559,0.11367641536767559
E09,V13,0.11352833810342665,0.11352833810342665
T10,V07,0.11338835759425833,0.11338835759425833
E07,S08,0.11334455090295788,0.11334455090295788
E02,V13,-0.11333310491110314,0.11333310491110314
E04,V06,0.11276557990057887,0.11276557990057887
T09,E04,0.11274820356795032,0.11274820356795032
E07,E08,0.1125564787810468,0.1125564787810468
S02,V06,0.11230543786429589,0.11230543786429589
T14,S11,-0.11206654134195478,0.11206654134195478
T02,E01,0.11202236806548131,0.11202236806548131
E13,E14,0.11170392501185278,0.11170392501185278
T12,V12,0.11166643285278671,0.11166643285278671
S05,V01,0.11155545819530552,0.11155545819530552
T01,T09,0.11151460919917573,0.11151460919917573
T04,S02,0.11148568324070665,0.11148568324070665
T15,E10,0.11140186082908574,0.11140186082908574
E02,V05,-0.11128532459041733,0.11128532459041733
T09,V05,0.11094622830415417,0.11094622830415417
T02,T07,0.11092730238761526,0.11092730238761526
E04,V10,0.11083201308695115,0.11083201308695115
T05,E06,-0.11055930673106723,0.11055930673106723
T12,S02,0.11028336491795424,0.11028336491795424
T05,E15,0.11021798120792117,0.11021798120792117
E14,V04,0.11005861859482707,0.11005861859482707
T09,S09,0.10982006965048129,0.10982006965048129
T08,E14,0.10972933459856411,0.10972933459856411
E07,E13,0.10968264982919419,0.10968264982919419
E01,E13,0.10967470901000959,0.10967470901000959
T13,S01,0.10965715031812469,0.10965715031812469
T06,E13,-0.10948793462729432,0.10948793462729432
T09,E15,0.10930004462692583,0.10930004462692583
T13,E12,0.10928058832814398,0.10928058832814398
S01,V05,0.10905463061921301,0.10905463061921301
E01,S04,0.1085092884441604,0.1085092884441604
T06,E04,0.10849737962820283,0.10849737962820283
T08,S13,0.10841786485971429,0.10841786485971429
E08,V06,0.10831112039440861,0.10831112039440861
E06,S09,0.10826959374740112,0.10826959374740112
T08,S07,0.10803645453222387,0.10803645453222387
T11,E01,-0.10785092299012294,0.10785092299012294
S03,V09,0.10738014763291884,0.10738014763291884
T04,E06,0.10735658747880449,0.10735658747880449
V01,V09,0.10719112612030207,0.10719112612030207
T02,T10,0.10714091684476823,0.10714091684476823
T05,E05,-0.10659060341195664,0.10659060341195664
E10,V04,0.10646714573530604,0.10646714573530604
T08,T14,0.10623539770755093,0.10623539770755093
T09,S01,0.10610309842143056,0.10610309842143056
E03,S08,-0.1060990851420525,0.1060990851420525
E09,S13,0.10605261394645095,0.10605261394645095
E08,V07,0.10583631512260532,0.10583631512260532
T04,V08,0.10577133178158822,0.10577133178158822
E10,S04,0.1054134960876256,0.1054134960876256
T15,E05,-0.10533834100901074,0.10533834100901074
T07,S04,0.10533004930634085,0.10533004930634085
E03,V03,-0.10499973439999233,0.10499973439999233
S12,V09,0.10492069749069985,0.10492069749069985
T07,T12,0.10487577682812023,0.10487577682812023
T06,E02,-0.10484890235460029,0.10484890235460029
E09,S10,0.10477474843819028,0.10477474843819028
S08,V08,0.10471509772595987,0.10471509772595987
E02,V03,-0.10469668921027747,0.10469668921027747
E01,E04,0.10451251733965886,0.10451251733965886
T08,V09,-0.10430510429604216,0.10430510429604216
T15,V03,0.10424506158568964,0.10424506158568964
T08,E15,-0.10417867829449634,0.10417867829449634
S05,S15,0.10408523319165752,0.10408523319165752
E01,S03,0.10406807469144891,0.10406807469144891
E10,V10,0.10365625770308019,0.10365625770308019
S12,V06,0.10333345058150958,0.10333345058150958
E06,V12,0.10316814312399211,0.10316814312399211
T09,T13,-0.10302807526342202,0.10302807526342202
E01,S12,0.10236425774694957,0.10236425774694957
T01,S14,-0.10169869354166572,0.10169869354166572
T03,E02,0.10167345964620694,0.10167345964620694
T06,S03,0.1016452360854064,0.1016452360854064
S05,V07,0.10133681472175139,0.10133681472175139
T03,S14,0.10098578842470723,0.10098578842470723
E14,V05,0.1007559155683401,0.1007559155683401
S08,V03,0.10068261996701587,0.10068261996701587
E02,S02,0.1003999423606626,0.1003999423606626
T09,V01,0.09997535329255346,0.09997535329255346
E14,S05,0.09977971898630546,0.09977971898630546
E01,V08,0.09956368163014193,0.09956368163014193
T11,E09,-0.09947079783541933,0.09947079783541933
T14,V12,0.09946158974863709,0.09946158974863709
S04,V11,0.09937400477376303,0.09937400477376303
T06,V13,0.0993169817698878,0.0993169817698878
E06,V07,0.09926367217833719,0.09926367217833719
E06,V13,0.09909361753170302,0.09909361753170302
T08,T12,0.09899989198769733,0.09899989198769733
T14,E10,0.0989661528890304,0.0989661528890304
T01,S15,0.09895916148862778,0.09895916148862778
T14,S06,0.0989432864294354,0.0989432864294354
T05,E07,0.09874744089065007,0.09874744089065007
E13,S11,0.09870962903417892,0.09870962903417892
T09,E08,-0.09855572395461239,0.09855572395461239
T07,E14,0.09782410644918428,0.09782410644918428
T03,S10,0.09750793777344251,0.09750793777344251
T04,S10,0.09721357823411318,0.09721357823411318
T06,S09,0.0968713186555154,0.0968713186555154
T07,E02,0.09656755549824937,0.09656755549824937
T01,E04,0.09635309965912132,0.09635309965912132
E10,S03,0.09625246926224267,0.09625246926224267
E13,S14,0.09563894789326666,0.09563894789326666
T05,S09,0.09559325007753108,0.09559325007753108
E06,S03,-0.09517641299636696,0.09517641299636696
E03,V10,-0.09512542984900119,0.09512542984900119
E06,E12,0.09473670444205283,0.09473670444205283
E08,V13,0.09415291114045507,0.09415291114045507
T07,E04,0.09412286506851496,0.09412286506851496
E02,E05,-0.09412239457578832,0.09412239457578832
S12,V14,0.09394826528351938,0.09394826528351938
T03,V06,0.09358339922487217,0.09358339922487217
E06,V06,-0.09346100987775831,0.09346100987775831
E05,E12,0.09323290940087611,0.09323290940087611
T12,S07,0.09296366507212962,0.09296366507212962
T08,E10,-0.09272974522998259,0.09272974522998259
T03,S04,0.09262511795156537,0.09262511795156537
E01,S13,0.09260135963453608,0.09260135963453608
T07,E08,0.0924050331307515,0.0924050331307515
T07,E15,0.09233698409829648,0.09233698409829648
T09,E09,-0.09220466791648253,0.09220466791648253
T10,E04,-0.0921870352380981,0.0921870352380981
T12,E12,0.09208950944730532,0.09208950944730532
T03,S06,0.09203574583514547,0.09203574583514547
T14,E04,-0.09199974515698443,0.09199974515698443
T06,S08,-0.0919352061193087,0.0919352061193087
S02,V11,0.09193229101369284,0.09193229101369284
T14,V07,-0.09179272244070316,0.09179272244070316
E05,V05,0.09166734816187877,0.09166734816187877
E08,E13,0.09164865833151263,0.09164865833151263
T03,E06,-0.0914376667449974,0.0914376667449974
T02,T13,0.09103676432957185,0.09103676432957185
E05,S08,0.09097608276351077,0.09097608276351077
E08,V14,0.09094672203815443,0.09094672203815443
T02,T09,-0.09084471298804452,0.09084471298804452
T10,V06,0.09045418038208558,0.09045418038208558
E06,S01,0.08961504289256449,0.08961504289256449
T10,E14,0.08942156698144965,0.08942156698144965
S02,V14,0.08934736454911686,0.08934736454911686
T08,S09,0.0888693683365301,0.0888693683365301
T01,S09,-0.08884914593523471,0.08884914593523471
E08,S02,0.08878402108904393,0.08878402108904393
T10,E02,-0.08878359885473561,0.08878359885473561
T14,E07,0.0884017944865283,0.0884017944865283
T02,E15,0.08825813433958268,0.08825813433958268
T06,T13,0.08790528337500725,0.08790528337500725
T14,V08,0.08749997301391244,0.08749997301391244
T08,S08,0.08737268419984022,0.08737268419984022
T12,E15,0.08682340096316851,0.08682340096316851
S02,V01,-0.08609825154625222,0.08609825154625222
T10,S11,0.0859952266176877,0.0859952266176877
T12,V01,0.08590824163220281,0.08590824163220281
T03,E08,0.08587319845582471,0.08587319845582471
E03,V11,-0.0855277939718506,0.0855277939718506
S02,V13,0.08543758304915394,0.08543758304915394
T02,V12,0.08514430767425081,0.08514430767425081
T15,E11,0.08477688452329522,0.08477688452329522
E02,S08,0.08460624649035965,0.08460624649035965
E05,S02,0.08436954265784671,0.08436954265784671
T15,E04,-0.08402558821658614,0.08402558821658614
T08,E11,-0.08397124764227476,0.08397124764227476
T15,E13,-0.08388442959890766,0.08388442959890766
E15,S02,0.08378610145509102,0.08378610145509102
T13,T15,0.08351513775192493,0.08351513775192493
S02,S07,0.08299849229639782,0.08299849229639782
T04,V04,-0.08291399991086686,0.08291399991086686
T03,S13,0.08277627770776928,0.08277627770776928
E08,S10,0.08245036804760901,0.08245036804760901
T01,S12,0.08238532036276536,0.08238532036276536
E05,E13,0.0823557830905265,0.0823557830905265
T04,V15,0.08230538570867706,0.08230538570867706
T06,V10,0.08226866152474911,0.08226866152474911
T09,V08,0.08202979008068044,0.08202979008068044
E08,E10,0.08196913907283054,0.08196913907283054
T02,E11,0.08183038243086121,0.08183038243086121
T02,S10,-0.08181678500552292,0.08181678500552292
S08,V09,0.08150044332840987,0.08150044332840987
T04,V06,-0.08146337767781073,0.08146337767781073
S02,S05,0.08129874836382699,0.08129874836382699
E08,S11,0.08119486538193293,0.08119486538193293
E12,S05,0.080822738156521,0.080822738156521
T11,E03,-0.08061662415724592,0.08061662415724592
E09,V11,0.07995011380842916,0.07995011380842916
E15,S13,0.0798788955793612,0.0798788955793612
T03,E10,0.07985354733978983,0.07985354733978983
T15,S05,0.07959292494275878,0.07959292494275878
E04,S02,-0.07957278342636595,0.07957278342636595
T03,S07,0.07950939755766978,0.07950939755766978
E13,V09,0.07945101709626347,0.07945101709626347
T07,V06,0.07899744701940613,0.07899744701940613
E09,V09,0.07867836477133726,0.07867836477133726
T08,E05,0.07861095637408116,0.07861095637408116
T09,V03,0.07833183428998465,0.07833183428998465
T03,V05,0.07812313565152486,0.07812313565152486
E09,V05,0.07795753710241568,0.07795753710241568
T14,E05,0.07791941493793499,0.07791941493793499
E06,S08,0.07790722561289005,0.07790722561289005
T12,S08,0.07768229886446483,0.07768229886446483
T09,E05,0.07729070174258067,0.07729070174258067
S12,V03,0.07723265328312881,0.07723265328312881
E02,V07,-0.07714551617912296,0.07714551617912296
E09,V06,-0.07700747804310916,0.07700747804310916
T10,V03,0.07676811985086003,0.07676811985086003
T10,S07,0.07652780747025661,0.07652780747025661
T02,S02,0.07623968235406678,0.07623968235406678
E03,S10,-0.0760679029873002,0.0760679029873002
E13,V04,0.07582046551658858,0.07582046551658858
T07,E03,-0.07576349026845085,0.07576349026845085
E01,S02,0.07565136645485435,0.07565136645485435
T09,V02,0.0750252436511916,0.0750252436511916
T09,V10,-0.07476430408308728,0.07476430408308728
T05,T09,0.07467064572657711,0.07467064572657711
E02,V02,-0.0746206624352184,0.0746206624352184
E04,E15,0.07445982611492674,0.07445982611492674
T04,V01,0.07392922223630789,0.07392922223630789
T02,E08,0.07373784736903197,0.07373784736903197
S08,V12,0.07359300599109048,0.07359300599109048
T13,E14,0.07356408301545238,0.07356408301545238
T14,S04,0.07336353303554155,0.07336353303554155
T02,V09,-0.07332051552983998,0.07332051552983998
T07,S11,0.0729237958057802,0.0729237958057802
T01,S06,-0.07270069726600495,0.07270069726600495
T04,T12,0.07266908784960838,0.07266908784960838
S05,V02,0.07253292134826474,0.07253292134826474
E03,S01,-0.07227290603325905,0.07227290603325905
E09,S07,0.07210915112834582,0.07210915112834582
T08,V05,-0.0716225159834928,0.0716225159834928
T13,S07,-0.07132343686606742,0.07132343686606742
T12,E13,-0.07111878929238727,0.07111878929238727
E13,S06,-0.07098609426007575,0.07098609426007575
T03,V01,-0.07059925828303097,0.07059925828303097
E03,E06,-0.0704916019705695,0.0704916019705695
T10,E15,0.07042695641594189,0.07042695641594189
E06,V05,-0.07031689104799457,0.07031689104799457
E14,V14,0.07016478919727219,0.07016478919727219
S04,V06,0.07001760735488453,0.07001760735488453
T01,V15,-0.06984957786404568,0.06984957786404568
T11,V01,0.06979549990008775,0.06979549990008775
T04,E01,0.06974695249339448,0.06974695249339448
T14,V09,0.06956574591199295,0.06956574591199295
T05,S14,0.06951813264310666,0.06951813264310666
S05,V08,0.06947246244621441,0.06947246244621441
E02,S10,-0.06929707877008036,0.06929707877008036
T13,S04,0.06929604410049083,0.06929604410049083
E06,S06,0.06900928050705123,0.06900928050705123
T05,E08,-0.06879329250327527,0.06879329250327527
S05,V03,0.06853411281242645,0.06853411281242645
T05,E04,0.06853360713425802,0.06853360713425802
T07,E01,0.06852342259904573,0.06852342259904573
E04,E06,0.06838091567272557,0.06838091567272557
T02,T05,0.06811845965194833,0.06811845965194833
T02,T15,0.06811000647425543,0.06811000647425543
T02,T11,0.067835737748118,0.067835737748118
E11,S04,0.06781907847997458,0.06781907847997458
T13,E08,-0.06775158482484697,0.06775158482484697
E04,S04,0.06733159463556579,0.06733159463556579
T04,E03,-0.06724771835078815,0.06724771835078815
E04,V12,0.06695392253909078,0.06695392253909078
S07,S08,0.06681234888402914,0.06681234888402914
E14,V01,0.06668562913167587,0.06668562913167587
S04,V02,0.06655327418190302,0.06655327418190302
T05,V13,0.06634839107775993,0.06634839107775993
T13,S02,0.0662995271840897,0.0662995271840897
T13,E13,0.06625704199026197,0.06625704199026197
T03,V11,0.0652083455398202,0.0652083455398202
T08,T10,0.06474276915040962,0.06474276915040962
E06,S12,0.06431807287161742,0.06431807287161742
T08,E01,-0.06426333351050326,0.06426333351050326
E11,E13,0.0640303847652976,0.0640303847652976
S08,V11,0.0636541726176918,0.0636541726176918
E13,E15,0.06330887879374959,0.06330887879374959
T08,V08,0.06297481703207676,0.06297481703207676
E08,S03,-0.06281297284614892,0.06281297284614892
E06,V02,0.06254450001223766,0.06254450001223766
T13,S09,0.06247825022024544,0.06247825022024544
E06,V10,0.06230325963174654,0.06230325963174654
T04,T09,-0.062043707905269724,0.062043707905269724
E07,V04,0.06199540394802802,0.06199540394802802
E02,S12,-0.06132367487988656,0.06132367487988656
E03,S15,0.06084451453949107,0.06084451453949107
T03,E12,0.060605592279980594,0.060605592279980594
T03,V03,-0.060027283158501435,0.060027283158501435
T09,E11,-0.059983400351974685,0.059983400351974685
T02,V01,0.059835781892104714,0.059835781892104714
E02,V04,0.05915659582415947,0.05915659582415947
T02,V14,0.05858795268634236,0.05858795268634236
T10,T15,0.05841184123881246,0.05841184123881246
T07,E07,0.05829731926641319,0.05829731926641319
E03,E14,-0.05816635723543412,0.05816635723543412
T11,E05,0.05816440801693911,0.05816440801693911
T11,E04,0.05814257874155837,0.05814257874155837
T04,V13,-0.05760785201285939,0.05760785201285939
T06,V08,0.05702568132344502,0.05702568132344502
E09,E15,0.05696892030890431,0.05696892030890431
E04,E09,-0.05689499427764355,0.05689499427764355
T02,S06,0.056769384169902855,0.056769384169902855
T07,E12,0.056629432856522104,0.056629432856522104
T04,V02,-0.056569161378982775,0.056569161378982775
T12,E09,-0.055954298726847554,0.055954298726847554
E02,S04,0.055715464310555116,0.055715464310555116
E02,E12,-0.05546609750941191,0.05546609750941191
T07,T10,0.05543729314297443,0.05543729314297443
T01,S08,0.05521889395303613,0.05521889395303613
T09,S06,-0.05474475334812262,0.05474475334812262
T08,S15,0.05419596611595564,0.05419596611595564
T09,S14,-0.054192370739295184,0.054192370739295184
T09,S07,0.05409284697444832,0.05409284697444832
T01,E03,0.0540628631577266,0.0540628631577266
T03,V14,0.053907306751997536,0.053907306751997536
T13,T14,0.05385513662918654,0.05385513662918654
T08,V02,-0.053733171835897854,0.053733171835897854
T08,V15,-0.05357488469951349,0.05357488469951349
T09,S13,0.05351145610301304,0.05351145610301304
E03,E13,0.05313197451029258,0.05313197451029258
E04,E14,0.05264297597028851,0.05264297597028851
T15,S04,-0.05201055083819297,0.05201055083819297
E04,E08,0.05157688269486807,0.05157688269486807
T05,V12,0.05147034508492116,0.05147034508492116
E06,S11,0.050853490492661996,0.050853490492661996
T13,S15,0.0506833226134079,0.0506833226134079
T07,E05,0.05055152552097522,0.05055152552097522
E02,V09,-0.05043571666616772,0.05043571666616772
E13,V12,0.05037226215344796,0.05037226215344796
E05,V06,-0.050326606530524176,0.050326606530524176
T01,S07,0.05031917401473209,0.05031917401473209
T01,S11,0.04995395316801443,0.04995395316801443
T06,S05,0.04971167204985747,0.04971167204985747
E08,S12,-0.049695613663997315,0.049695613663997315
T01,V03,-0.04927189754894867,0.04927189754894867
T01,E09,-0.04913851389621813,0.04913851389621813
T08,S14,-0.04890131910281085,0.04890131910281085
T05,V07,0.048774799535422644,0.048774799535422644
T09,S15,0.047907437874247,0.047907437874247
T01,E07,-0.04762276045892006,0.04762276045892006
E09,V03,0.04749552983682312,0.04749552983682312
E01,S14,0.0471292535338269,0.0471292535338269
T01,V08,0.046979137517254174,0.046979137517254174
T02,V04,0.04684469615032757,0.04684469615032757
E06,V14,0.046672037239025986,0.046672037239025986
T15,E01,-0.04664767839891651,0.04664767839891651
S08,V13,0.04659027020482911,0.04659027020482911
T07,E09,-0.045913380241975395,0.045913380241975395
T04,E02,-0.045773894708763155,0.045773894708763155
T08,E09,-0.04530165736256537,0.04530165736256537
E04,S15,0.04517209994835863,0.04517209994835863
T10,E01,-0.04499250747411717,0.04499250747411717
T08,T15,0.04498039935384656,0.04498039935384656
T12,E08,-0.04489370624001506,0.04489370624001506
E03,V06,-0.0448894856932516,0.0448894856932516
E04,S05,-0.04459494884234287,0.04459494884234287
T12,E05,-0.04439675604186379,0.04439675604186379
T05,S02,-0.044254792117003144,0.044254792117003144
S08,V04,-0.04423668791343255,0.04423668791343255
T01,V14,-0.04412323826205356,0.04412323826205356
E04,V03,0.043976202146465145,0.043976202146465145
T08,S06,-0.04388655942160855,0.04388655942160855
T09,E01,-0.04388168731335622,0.04388168731335622
T02,E02,-0.043674120358672464,0.043674120358672464
T11,E10,-0.04364839831105631,0.04364839831105631
T15,E02,-0.04362135942528317,0.04362135942528317
T04,V11,0.043539588905786436,0.043539588905786436
T14,S01,0.043226287644143845,0.043226287644143845
S04,V01,0.042934872672431165,0.042934872672431165
E02,E08,0.042740491220335984,0.042740491220335984
E13,V14,0.04240984545371277,0.04240984545371277
T04,T07,0.04230256292522572,0.04230256292522572
E01,V09,0.04223464168578252,0.04223464168578252
E04,V02,0.042093627569071895,0.042093627569071895
T08,V13,0.04207354906148321,0.04207354906148321
E01,V01,0.0420474331585568,0.0420474331585568
E01,S01,-0.041983066950745385,0.041983066950745385
T02,T12,-0.04183865673607665,0.04183865673607665
E04,V04,-0.041524653583960854,0.041524653583960854
T02,E10,0.041396651120162685,0.041396651120162685
E14,S08,0.041355039718019786,0.041355039718019786
T02,V06,0.04119168420884001,0.04119168420884001
E09,S06,0.041178711467155515,0.041178711467155515
E13,V15,0.041154591133276554,0.041154591133276554
T14,S03,0.04114937849533361,0.04114937849533361
T10,E06,-0.04114209332786034,0.04114209332786034
T06,E09,-0.04087726822209766,0.04087726822209766
T01,E13,0.040685632853135,0.040685632853135
T05,V09,0.04067554509787234,0.04067554509787234
E13,S13,0.04018929780071551,0.04018929780071551
E09,V04,-0.04016584289223562,0.04016584289223562
E02,V12,-0.03974740589352003,0.03974740589352003
T04,V09,-0.03913098583194951,0.03913098583194951
E06,S05,-0.03843167087583357,0.03843167087583357
E08,V05,0.038004746623384884,0.038004746623384884
T10,E08,-0.037959850595063425,0.037959850595063425
T14,V15,0.037705460796882175,0.037705460796882175
T14,S15,-0.03749741333156854,0.03749741333156854
T02,S11,-0.03745074786605778,0.03745074786605778
E01,S08,-0.037373663438290315,0.037373663438290315
T15,S01,-0.037307790621507644,0.037307790621507644
T07,V09,0.037064899030540485,0.037064899030540485
E02,E14,0.0362098092938486,0.0362098092938486
T03,S03,-0.03586543419909175,0.03586543419909175
T08,S01,0.03581859263074773,0.03581859263074773
T03,E05,0.03580590288148066,0.03580590288148066
E02,V06,-0.03567517960587868,0.03567517960587868
E06,V03,0.03565233345943842,0.03565233345943842
T08,V07,0.03562687899755621,0.03562687899755621
E03,E09,0.035333440641174024,0.035333440641174024
T05,E13,-0.035323821856720894,0.035323821856720894
T02,E09,0.03530895989096599,0.03530895989096599
T04,S05,-0.034813845374543406,0.034813845374543406
E01,V06,0.034785125306076393,0.034785125306076393
T03,E03,-0.034179955803983364,0.034179955803983364
T01,S01,-0.03407674449913764,0.03407674449913764
S05,S10,0.033868548480097474,0.033868548480097474
T05,S01,0.03344906608960249,0.03344906608960249
T01,V06,-0.03342351959001971,0.03342351959001971
T14,V04,0.03324230671083543,0.03324230671083543
T05,S08,-0.03322805594872976,0.03322805594872976
E14,V13,-0.03310101932420214,0.03310101932420214
T01,E05,0.03301582569798662,0.03301582569798662
E05,S03,0.032971700336856334,0.032971700336856334
T01,E01,0.0328287678778291,0.0328287678778291
T02,E06,0.032807718768655965,0.032807718768655965
T01,T15,-0.032467397147349523,0.032467397147349523
T03,T04,0.03245502348083715,0.03245502348083715
E04,E13,-0.03231806881995959,0.03231806881995959
T09,S03,0.03210285593291856,0.03210285593291856
E02,E13,-0.03209132925512515,0.03209132925512515
T04,E13,0.03203900034783846,0.03203900034783846
T08,E07,-0.03196658592715538,0.03196658592715538
T03,S01,0.03170846954419294,0.03170846954419294
T02,S04,0.03154692495874244,0.03154692495874244
E05,V03,0.03154512523879408,0.03154512523879408
T08,V06,-0.03152952309268561,0.03152952309268561
T15,E03,-0.03146619286082578,0.03146619286082578
T14,E09,0.0312381881104092,0.0312381881104092
T06,T14,0.030962348073062165,0.030962348073062165
E01,S10,-0.030735365763533227,0.030735365763533227
T08,V04,0.030683905678161025,0.030683905678161025
E02,V15,0.030608891445796104,0.030608891445796104
T13,E15,0.030591866012246994,0.030591866012246994
T13,E02,0.03058236320309481,0.03058236320309481
T02,T03,0.030232231688836084,0.030232231688836084
T04,E05,0.02977012272481883,0.02977012272481883
T04,E11,0.029460018132160377,0.029460018132160377
T09,T15,-0.029333416209807416,0.029333416209807416
T08,S04,0.02886739282814593,0.02886739282814593
T02,V13,-0.028825540098028336,0.028825540098028336
T14,E12,-0.028768261112124723,0.028768261112124723
E05,S15,-0.028612150929946473,0.028612150929946473
T02,V15,-0.028467423261298027,0.028467423261298027
E13,S12,0.028375968195868635,0.028375968195868635
T15,S08,0.028019969852861593,0.028019969852861593
T01,V07,-0.027704153028576685,0.027704153028576685
T05,V03,0.027507324283041187,0.027507324283041187
T08,V12,-0.027497248679147074,0.027497248679147074
E06,V01,0.027446411823830466,0.027446411823830466
E09,V01,-0.027397109475496915,0.027397109475496915
T04,V10,0.02738032200389235,0.02738032200389235
T09,T14,0.027378727876579478,0.027378727876579478
E13,S03,-0.02696621675703795,0.02696621675703795
T14,V03,0.02667820945524018,0.02667820945524018
E08,V11,0.02621716762582788,0.02621716762582788
E02,S01,0.02609233042873266,0.02609233042873266
T09,V13,0.02589034505571265,0.02589034505571265
T01,V02,0.02585545582805628,0.02585545582805628
T02,E13,-0.025656582798508385,0.025656582798508385
T06,T10,0.025535919855469654,0.025535919855469654
T09,V06,-0.02543151777725381,0.02543151777725381
T02,V07,0.025380331437333894,0.025380331437333894
T01,T14,-0.024168508902801974,0.024168508902801974
T12,V11,0.024067046173323347,0.024067046173323347
E05,V04,0.024050675160639558,0.024050675160639558
T15,S02,0.024028759776295306,0.024028759776295306
E01,V02,0.024017962598503736,0.024017962598503736
T09,S04,-0.0237438733920098,0.0237438733920098
T04,V07,-0.023557096869790465,0.023557096869790465
T10,V14,0.02354593205817294,0.02354593205817294
T15,S03,0.02321674338023081,0.02321674338023081
T08,V01,0.022952442011510792,0.022952442011510792
T13,V01,-0.022933773666014956,0.022933773666014956
T04,V14,0.022846401260878956,0.022846401260878956
T01,S03,-0.022729900120174045,0.022729900120174045
T05,E01,0.022452887935112253,0.022452887935112253
E01,V11,0.021642525742191842,0.021642525742191842
E12,V13,0.02101351828506625,0.02101351828506625
T07,S05,-0.020755579803403566,0.020755579803403566
T04,V12,0.02063941889294999,0.02063941889294999
T06,T09,0.02039154737521142,0.02039154737521142
E01,V15,-0.020236816723704174,0.020236816723704174
T14,S02,0.019639939909613824,0.019639939909613824
E05,S14,0.019487719008419203,0.019487719008419203
E03,V12,0.019020428925718428,0.019020428925718428
T07,V03,0.018851837084290463,0.018851837084290463
T01,V10,-0.0188038442862681,0.0188038442862681
E01,V10,0.01876049956689832,0.01876049956689832
E04,S01,-0.018635004431523713,0.018635004431523713
E01,E08,0.018515017677164274,0.018515017677164274
T06,V01,0.01817884547958611,0.01817884547958611
S08,V06,-0.01781207988385936,0.01781207988385936
E13,S05,-0.017502647560106787,0.017502647560106787
E04,S07,0.017043517928231777,0.017043517928231777
T09,E02,0.0169415988766453,0.0169415988766453
T03,E09,-0.01691872980496519,0.01691872980496519
T08,S03,0.016716413741522305,0.016716413741522305
T15,V07,0.016712603641811,0.016712603641811
E06,S15,0.016648725453907328,0.016648725453907328
S08,S13,0.01660807508994085,0.01660807508994085
T08,V14,0.01622023077405114,0.01622023077405114
T03,T08,-0.01603911594285747,0.01603911594285747
T10,V05,0.016007216310708228,0.016007216310708228
T02,T14,0.01593836685663105,0.01593836685663105
T09,E03,-0.01574910228242955,0.01574910228242955
E08,E09,-0.015542326593326163,0.015542326593326163
E04,S08,0.015487126914414343,0.015487126914414343
E06,E11,-0.015202247317761044,0.015202247317761044
T06,S11,0.01516265153532004,0.01516265153532004
T05,V05,-0.01513089081513388,0.01513089081513388
E01,V04,0.015125331997221214,0.015125331997221214
T04,S04,0.01497694374443887,0.01497694374443887
T06,T08,0.014947582384489635,0.014947582384489635
T01,E11,-0.014818008640866277,0.014818008640866277
E02,S05,0.01477786092109295,0.01477786092109295
T05,S04,-0.013459407480523934,0.013459407480523934
T01,S02,-0.013224528444285441,0.013224528444285441
T10,V11,0.01321964713734261,0.01321964713734261
T01,T03,-0.012956404026657119,0.012956404026657119
T01,T10,-0.012906900654830408,0.012906900654830408
E10,S08,0.012529624808513431,0.012529624808513431
T07,T15,0.012283270222809829,0.012283270222809829
T08,E03,-0.01224092808933803,0.01224092808933803
T09,V12,-0.012069277683345793,0.012069277683345793
T09,V04,0.012022763361432464,0.012022763361432464
E02,V10,-0.0116217118384173,0.0116217118384173
E08,S13,-0.011475596760984919,0.011475596760984919
E01,S05,-0.01143511626538458,0.01143511626538458
E04,S10,-0.011192729035104449,0.011192729035104449
T12,V14,0.01115848917816931,0.01115848917816931
T04,S07,-0.011028423058764324,0.011028423058764324
E04,S12,0.010688067066853782,0.010688067066853782
E02,E06,-0.010673143029023375,0.010673143029023375
T01,V04,0.010619477356993295,0.010619477356993295
T11,E02,-0.010423711060188532,0.010423711060188532
T06,S02,-0.010178875592704082,0.010178875592704082
E05,S04,0.009874861500371352,0.009874861500371352
T08,S02,-0.009449666303982043,0.009449666303982043
E03,E08,-0.00930221869296486,0.00930221869296486
T04,E08,0.008776070663041955,0.008776070663041955
T15,V05,0.008317450694675342,0.008317450694675342
T08,S11,-0.00790532486198642,0.00790532486198642
E01,V13,-0.007871113569742877,0.007871113569742877
T06,E05,-0.007772031059040732,0.007772031059040732
T09,E12,0.00775831635483656,0.00775831635483656
E13,V03,0.007736785042287412,0.007736785042287412
E13,V11,0.007585395895602613,0.007585395895602613
T13,E03,0.007328910308430495,0.007328910308430495
T09,V09,-0.00731446206961154,0.00731446206961154
E06,S02,0.007300259333192776,0.007300259333192776
E08,S04,-0.006707058223611507,0.006707058223611507
T01,V01,-0.0064951281969006765,0.0064951281969006765
T05,T13,-0.006185136773061564,0.006185136773061564
T13,E01,0.005945896094525045,0.005945896094525045
T01,S10,0.005877920925057657,0.005877920925057657
T15,S12,-0.005444543908644391,0.005444543908644391
E09,E14,-0.005420788123515936,0.005420788123515936
T07,T13,0.005321194254705572,0.005321194254705572
T06,S01,0.005146094866012517,0.005146094866012517
E05,S01,-0.005117312298268008,0.005117312298268008
T01,V11,0.004853178742996343,0.004853178742996343
T01,T11,-0.004793952000357205,0.004793952000357205
T04,S11,0.004522686323002849,0.004522686323002849
T02,V05,0.00445745176147749,0.00445745176147749
T07,E10,-0.004201328180705573,0.004201328180705573
T08,V03,-0.003881673660980445,0.003881673660980445
T14,S07,-0.003630464538390442,0.003630464538390442
T14,E02,0.003495270327533552,0.003495270327533552
T01,T04,-0.0031221036007848726,0.0031221036007848726
S08,V01,-0.0029786122028321277,0.0029786122028321277
T14,E08,0.0029710040298855634,0.0029710040298855634
E06,V04,0.002956690359159869,0.002956690359159869
T02,S05,-0.00280833825182149,0.00280833825182149
T10,E13,0.002758958722708657,0.002758958722708657
T10,V01,0.002610270231684892,0.002610270231684892
E08,S05,0.0025474094497940454,0.0025474094497940454
T05,E02,0.002320711091126451,0.002320711091126451
T14,E11,0.002046647616345205,0.002046647616345205
T15,E06,0.001644571910137682,0.001644571910137682
T03,T05,0.001438845347707123,0.001438845347707123
T14,E15,-0.0013051353227913698,0.0013051353227913698
T04,S06,0.0010882451384059417,0.0010882451384059417
T09,E10,-0.0009881805966736146,0.0009881805966736146
T04,T13,0.000723356726514454,0.000723356726514454
E03,S02,0.0005355253938764929,0.0005355253938764929
T01,T06,-0.00047038512974297025,0.00047038512974297025
T07,E13,-0.0003038889712421892,0.0003038889712421892
E05,V11,-0.0002708622197324641,0.0002708622197324641
