node,intensity,n_answered,distance_to_class_mean,T_mean,T_answered,technology_mean,E_mean,E_answered,education_mean,S_mean,S_answered,ethics_society_mean,V_mean,V_answered,environment_mean,degree,strength,x,y
11,0.7666666666666667,60.0,5.837590101023303,0.8,15.0,0.8,0.8,15.0,0.8,0.9333333333333333,15.0,0.9333333333333333,0.5333333333333333,15.0,0.5333333333333333,9,2.2949561355687798,0.8793780416122088,-0.07820107840403073
12,0.711864406779661,59.0,5.464703385156415,0.5333333333333333,15.0,0.5333333333333333,0.9333333333333333,15.0,0.9333333333333333,0.5714285714285714,14.0,0.5714285714285714,0.8,15.0,0.8,13,3.3654906374876856,0.5851151906512747,-0.13768207729554477
13,1.25,60.0,5.7357717511345045,0.9333333333333333,15.0,0.9333333333333333,1.0666666666666667,15.0,1.0666666666666667,1.3333333333333333,15.0,1.3333333333333333,1.6666666666666667,15.0,1.6666666666666667,11,3.0701847049217954,0.5474613210389748,0.4464295312655491
14,0.9333333333333333,60.0,4.9654930196025315,0.8,15.0,0.8,0.6,15.0,0.6,1.1333333333333333,15.0,1.1333333333333333,1.2,15.0,1.2,10,2.9049969008364043,-0.5351519498783046,-0.673383142281791
16,1.1,60.0,6.0634135871417705,1.2,15.0,1.2,0.6666666666666666,15.0,0.6666666666666666,1.2666666666666666,15.0,1.2666666666666666,1.2666666666666666,15.0,1.2666666666666666,11,2.570533551615324,-0.618876796156769,0.2035477210823626
17,0.9833333333333333,60.0,7.235532559817104,1.2666666666666666,15.0,1.2666666666666666,0.3333333333333333,15.0,0.3333333333333333,1.0,15.0,1.0,1.3333333333333333,15.0,1.3333333333333333,9,2.450773467816061,-0.4454539331394287,-0.3600017397157333
18,0.9,60.0,5.169127151399936,0.26666666666666666,15.0,0.26666666666666666,0.7333333333333333,15.0,0.7333333333333333,1.2666666666666666,15.0,1.2666666666666666,1.3333333333333333,15.0,1.3333333333333333,12,3.0493058144204808,-0.252607863040225,0.047810705433455225
19,1.1864406779661016,59.0,6.25338785669088,0.7142857142857143,14.0,0.7142857142857143,1.2,15.0,1.2,1.0,15.0,1.0,1.8,15.0,1.8,11,2.924562453005944,0.3784355353829661,0.17148134595671335
20,1.3333333333333333,60.0,5.919306883536438,1.0,15.0,1.0,0.9333333333333333,15.0,0.9333333333333333,1.5333333333333334,15.0,1.5333333333333334,1.8666666666666667,15.0,1.8666666666666667,9,1.9635559466270827,-0.19462313449455224,0.2844525610021935
21,1.5833333333333333,60.0,6.193769199934712,0.8666666666666667,15.0,0.8666666666666667,1.5333333333333334,15.0,1.5333333333333334,1.9333333333333333,15.0,1.9333333333333333,2.0,15.0,2.0,12,3.3483906750697745,-0.004390365482446664,0.090302342350599
22,0.7333333333333333,60.0,7.679683437886026,0.4,15.0,0.4,0.8,15.0,0.8,0.7333333333333333,15.0,0.7333333333333333,1.0,15.0,1.0,9,2.04807810919109,-0.4180592586042757,-0.2123320998281355
24,0.8245614035087719,57.0,6.8833074414675055,0.8571428571428571,14.0,0.8571428571428571,0.4666666666666667,15.0,0.4666666666666667,1.0,13.0,1.0,1.0,15.0,1.0,10,2.5617514113298827,0.461579979766481,0.30862233141493073
26,1.25,60.0,7.6852028401790475,1.4,15.0,1.4,0.9333333333333333,15.0,0.9333333333333333,1.4,15.0,1.4,1.2666666666666666,15.0,1.2666666666666666,9,1.9364787200451976,0.22007037347094746,0.4928919995908397
29,1.4666666666666666,60.0,7.011639034341069,1.2,15.0,1.2,0.9333333333333333,15.0,0.9333333333333333,1.7333333333333334,15.0,1.7333333333333334,2.0,15.0,2.0,13,3.0752772383273204,0.06619265993059179,0.4780542973586622
31,1.0833333333333333,60.0,6.351357661512223,0.8,15.0,0.8,1.4,15.0,1.4,1.1333333333333333,15.0,1.1333333333333333,1.0,15.0,1.0,9,1.9647695178423343,-0.11281145280974136,-0.7126953636861861
32,1.2372881355932204,59.0,4.830017954829945,1.3333333333333333,15.0,1.3333333333333333,1.0,14.0,1.0,1.3333333333333333,15.0,1.3333333333333333,1.2666666666666666,15.0,1.2666666666666666,13,3.0740821094865134,-0.5682720080957905,-0.2516010397498576
35,1.2,60.0,5.825768363114333,1.4,15.0,1.4,0.4666666666666667,15.0,0.4666666666666667,1.0,15.0,1.0,1.9333333333333333,15.0,1.9333333333333333,9,2.590822756446387,-0.17273161176546478,0.38354667623067235
36,0.9,60.0,10.055531520784852,1.2666666666666666,15.0,1.2666666666666666,0.4,15.0,0.4,0.7333333333333333,15.0,0.7333333333333333,1.2,15.0,1.2,9,1.8630539964440118,-0.6289334206071953,-0.3715297495679639
37,1.55,60.0,6.077557091490681,1.5333333333333334,15.0,1.5333333333333334,1.2,15.0,1.2,1.6,15.0,1.6,1.8666666666666667,15.0,1.8666666666666667,10,2.5078236275924497,-0.5920071808645218,-0.05913579386780381
38,1.3166666666666667,60.0,5.0469294615572595,1.1333333333333333,15.0,1.1333333333333333,1.2666666666666666,15.0,1.2666666666666666,1.2666666666666666,15.0,1.2666666666666666,1.6,15.0,1.6,11,2.989039425454242,0.5856478941708894,0.5410340984183156
40,1.4655172413793103,58.0,6.911953891244942,1.1333333333333333,15.0,1.1333333333333333,1.1333333333333333,15.0,1.1333333333333333,1.7857142857142858,14.0,1.7857142857142858,1.8571428571428572,14.0,1.8571428571428572,13,3.597662898180446,0.014771020671770645,-0.6745303644668923
41,1.7666666666666666,60.0,6.5529573347403,2.0,15.0,2.0,1.2,15.0,1.2,2.0,15.0,2.0,1.8666666666666667,15.0,1.8666666666666667,11,3.245737290302222,-0.5647566932658967,-0.1592768716268787
42,1.0701754385964912,57.0,5.821695077317493,0.8333333333333334,12.0,0.8333333333333334,1.1333333333333333,15.0,1.1333333333333333,0.9333333333333333,15.0,0.9333333333333333,1.3333333333333333,15.0,1.3333333333333333,11,2.993684596668789,0.4577004656903677,-0.6122331836004005
43,1.15,60.0,5.638988928692609,1.0,15.0,1.0,0.6,15.0,0.6,1.2,15.0,1.2,1.8,15.0,1.8,9,1.7631188989272608,-0.4122808385242583,0.3429124687164871
45,1.0166666666666666,60.0,5.468509653691495,0.4,15.0,0.4,1.2,15.0,1.2,1.2666666666666666,15.0,1.2666666666666666,1.2,15.0,1.2,9,2.1964528929955662,-0.21238212136517254,-0.15899041193232671
46,1.0333333333333334,60.0,4.243498147790254,0.8,15.0,0.8,0.9333333333333333,15.0,0.9333333333333333,1.4,15.0,1.4,1.0,15.0,1.0,9,1.9807052158961278,-0.2523117749148448,-0.3487278139700536
48,1.1,60.0,6.714964056663127,0.8,15.0,0.8,1.0,15.0,1.0,0.9333333333333333,15.0,0.9333333333333333,1.6666666666666667,15.0,1.6666666666666667,9,2.235639389764184,0.47925956567961153,-0.06643620583696591
49,1.3,60.0,5.159266024761176,0.8666666666666667,15.0,0.8666666666666667,1.0,15.0,1.0,1.6,15.0,1.6,1.7333333333333334,15.0,1.7333333333333334,12,3.7539631483452274,-0.46893205066853355,0.634278118578704
50,1.5666666666666667,60.0,5.736904774991397,1.6666666666666667,15.0,1.6666666666666667,1.1333333333333333,15.0,1.1333333333333333,1.9333333333333333,15.0,1.9333333333333333,1.5333333333333334,15.0,1.5333333333333334,10,3.431000457462247,-0.8399950211653613,-0.01985484784817374
52,1.45,60.0,5.439107110889403,1.5333333333333334,15.0,1.5333333333333334,1.3333333333333333,15.0,1.3333333333333333,1.7333333333333334,15.0,1.7333333333333334,1.2,15.0,1.2,10,2.753523493453802,-0.47606572758183274,-0.4772745332837508
53,1.35,60.0,5.6058292946286,1.2,15.0,1.2,1.1333333333333333,15.0,1.1333333333333333,1.4666666666666666,15.0,1.4666666666666666,1.6,15.0,1.6,11,2.7807400220321297,-0.7431739065931983,0.34828228521793236
54,1.55,60.0,6.453673411981684,1.4666666666666666,15.0,1.4666666666666666,1.0666666666666667,15.0,1.0666666666666667,1.6666666666666667,15.0,1.6666666666666667,2.0,15.0,2.0,9,2.1550479730219916,-0.5043411721003871,0.2671260623173392
55,1.35,60.0,4.8458434974577855,1.0666666666666667,15.0,1.0666666666666667,0.8666666666666667,15.0,0.8666666666666667,1.8,15.0,1.8,1.6666666666666667,15.0,1.6666666666666667,9,2.5789255610447923,0.12190701073647811,0.7663448819269476
56,1.0,60.0,6.016243689744925,0.9333333333333333,15.0,0.9333333333333333,0.8,15.0,0.8,1.2,15.0,1.2,1.0666666666666667,15.0,1.0666666666666667,10,2.5621326442215517,0.21017406829985735,-0.16069431992028937
57,1.1833333333333333,60.0,7.703279486405355,0.5333333333333333,15.0,0.5333333333333333,0.7333333333333333,15.0,0.7333333333333333,1.8,15.0,1.8,1.6666666666666667,15.0,1.6666666666666667,12,4.050854536716188,-0.4387151850867419,0.45976477776796576
58,0.6833333333333333,60.0,9.073064084895236,1.2,15.0,1.2,0.4,15.0,0.4,0.4666666666666667,15.0,0.4666666666666667,0.6666666666666666,15.0,0.6666666666666666,11,2.579751628521392,0.04676976947142274,0.14600530606281872
59,1.1166666666666667,60.0,6.566484926124682,0.9333333333333333,15.0,0.9333333333333333,1.1333333333333333,15.0,1.1333333333333333,1.0,15.0,1.0,1.4,15.0,1.4,9,1.9335161282765625,0.9493538415167909,-0.17279377081923616
61,1.2833333333333334,60.0,5.347558280678976,0.8666666666666667,15.0,0.8666666666666667,0.8,15.0,0.8,1.8,15.0,1.8,1.6666666666666667,15.0,1.6666666666666667,11,3.5418524332151398,-0.280894791377688,0.8149775295368744
62,1.4166666666666667,60.0,7.239524278410437,1.4666666666666666,15.0,1.4666666666666666,0.6666666666666666,15.0,0.6666666666666666,1.8,15.0,1.8,1.7333333333333334,15.0,1.7333333333333334,12,3.156898314191892,-0.3408260868431683,0.044762272549532564
63,1.1166666666666667,60.0,7.046935989294182,0.8,15.0,0.8,1.2,15.0,1.2,1.4666666666666666,15.0,1.4666666666666666,1.0,15.0,1.0,9,2.0533263395192405,0.12407014237286135,-0.4554778825525809
64,1.0833333333333333,60.0,4.954018182407103,1.1333333333333333,15.0,1.1333333333333333,0.9333333333333333,15.0,0.9333333333333333,0.8666666666666667,15.0,0.8666666666666667,1.4,15.0,1.4,9,1.9410701122424054,0.1623680595604975,0.3608437289726822
65,0.85,60.0,7.049835988995833,0.8,15.0,0.8,0.9333333333333333,15.0,0.9333333333333333,0.7333333333333333,15.0,0.7333333333333333,0.9333333333333333,15.0,0.9333333333333333,11,2.5262565600844393,-0.23031946425816863,-0.4406479700330974
66,1.3333333333333333,60.0,5.4287026370506215,1.2,15.0,1.2,1.0,15.0,1.0,1.5333333333333334,15.0,1.5333333333333334,1.6,15.0,1.6,10,2.6405778139703298,-0.3460905742864337,0.6096883361311685
67,1.4666666666666666,60.0,4.431776062186521,1.1333333333333333,15.0,1.1333333333333333,1.3333333333333333,15.0,1.3333333333333333,1.7333333333333334,15.0,1.7333333333333334,1.6666666666666667,15.0,1.6666666666666667,11,2.68039318645798,0.4342093370471206,0.5701386199314229
69,1.1016949152542372,59.0,5.7848118839959115,0.7857142857142857,14.0,0.7857142857142857,1.1333333333333333,15.0,1.1333333333333333,1.0666666666666667,15.0,1.0666666666666667,1.4,15.0,1.4,9,1.8987727267261088,0.24616217517131447,-0.39243303149245257
70,1.1166666666666667,60.0,4.6013103801009,0.8,15.0,0.8,1.0666666666666667,15.0,1.0666666666666667,1.6,15.0,1.6,1.0,15.0,1.0,10,2.324520867401435,0.39023368189893404,-0.14126251563884554
72,1.2,60.0,6.381367179048192,0.6666666666666666,15.0,0.6666666666666666,1.2,15.0,1.2,1.5333333333333334,15.0,1.5333333333333334,1.4,15.0,1.4,10,2.959005508263675,0.2893523965657986,-0.22871131143160237
74,1.3333333333333333,60.0,6.875983376632498,1.2666666666666666,15.0,1.2666666666666666,1.0666666666666667,15.0,1.0666666666666667,1.5333333333333334,15.0,1.5333333333333334,1.4666666666666666,15.0,1.4666666666666666,9,2.2527413105068095,-0.06594639261915611,0.6337855431713582
79,0.9111111111111111,45.0,5.514204695918431,1.0,15.0,1.0,0.7333333333333333,15.0,0.7333333333333333,1.0,15.0,1.0,,0.0,,12,3.3195805807456824,0.06657445095232084,-0.1935611635329424
80,1.15,60.0,5.817540837577427,0.9333333333333333,15.0,0.9333333333333333,0.7333333333333333,15.0,0.7333333333333333,1.7333333333333334,15.0,1.7333333333333334,1.2,15.0,1.2,9,2.373539715620785,0.10980176280659716,0.23564002149760443
81,1.5263157894736843,57.0,5.177359543687067,1.2142857142857142,14.0,1.2142857142857142,0.9230769230769231,13.0,0.9230769230769231,1.9333333333333333,15.0,1.9333333333333333,1.9333333333333333,15.0,1.9333333333333333,12,3.5393340397818873,-0.18623480262134517,0.6501940829051799
82,1.3166666666666667,60.0,6.385883927897576,1.0,15.0,1.0,0.7333333333333333,15.0,0.7333333333333333,1.5333333333333334,15.0,1.5333333333333334,2.0,15.0,2.0,11,3.0629868697823817,-0.39812816690865227,-0.5373180284014942
83,1.4666666666666666,60.0,5.357004425924776,1.4666666666666666,15.0,1.4666666666666666,0.9333333333333333,15.0,0.9333333333333333,1.7333333333333334,15.0,1.7333333333333334,1.7333333333333334,15.0,1.7333333333333334,9,2.725581153162322,-0.8440499823272213,0.21776684945255295
84,1.0338983050847457,59.0,8.4614502171931,0.5,14.0,0.5,0.8666666666666667,15.0,0.8666666666666667,0.7333333333333333,15.0,0.7333333333333333,2.0,15.0,2.0,9,1.9635290776442316,-0.3371570984847512,0.2689105090906617
85,0.75,60.0,8.866704625273147,0.4,15.0,0.4,0.26666666666666666,15.0,0.26666666666666666,1.0666666666666667,15.0,1.0666666666666667,1.2666666666666666,15.0,1.2666666666666666,9,2.2433656968671833,0.5357171495193327,0.7079041442810091
86,1.3333333333333333,60.0,7.168481929406974,1.0,15.0,1.0,0.9333333333333333,15.0,0.9333333333333333,1.6666666666666667,15.0,1.6666666666666667,1.7333333333333334,15.0,1.7333333333333334,10,3.214883705878756,-0.4270232124958408,0.7761015164304178
89,0.8166666666666667,60.0,8.936632690274717,0.5333333333333333,15.0,0.5333333333333333,0.8,15.0,0.8,0.4666666666666667,15.0,0.4666666666666667,1.4666666666666666,15.0,1.4666666666666666,10,2.2050686413447784,0.6227284279601,0.25227276500753476
90,0.9166666666666666,60.0,4.593568147036295,0.6,15.0,0.6,1.0666666666666667,15.0,1.0666666666666667,1.0,15.0,1.0,1.0,15.0,1.0,16,4.875207383246049,-0.40412528732781544,-0.05926916843262472
91,0.8333333333333334,60.0,4.185442118801164,0.6666666666666666,15.0,0.6666666666666666,0.7333333333333333,15.0,0.7333333333333333,0.9333333333333333,15.0,0.9333333333333333,1.0,15.0,1.0,12,3.475343660016323,0.05107793795566924,-0.8687705832275027
92,1.2678571428571428,56.0,5.5300238698446424,0.6153846153846154,13.0,0.6153846153846154,1.0769230769230769,13.0,1.0769230769230769,1.4666666666666666,15.0,1.4666666666666666,1.8,15.0,1.8,10,2.5933954169272315,0.5312122800072514,0.20519002578054762
93,0.6724137931034483,58.0,6.953663787043476,0.8666666666666667,15.0,0.8666666666666667,-0.06666666666666667,15.0,-0.06666666666666667,1.1538461538461537,13.0,1.1538461538461537,0.8,15.0,0.8,13,3.249899620157071,-0.4758082359824436,0.06235815809397
94,1.75,60.0,6.328759208301512,1.4666666666666666,15.0,1.4666666666666666,1.5333333333333334,15.0,1.5333333333333334,2.0,15.0,2.0,2.0,15.0,2.0,11,3.409955459895406,0.20823417777953532,0.1676229503302279
95,1.396551724137931,58.0,5.639785276277275,1.2666666666666666,15.0,1.2666666666666666,0.8571428571428571,14.0,0.8571428571428571,1.7333333333333334,15.0,1.7333333333333334,1.7142857142857142,14.0,1.7142857142857142,15,4.410652271240179,-0.6062272580739526,0.3483702341089869
97,1.45,60.0,5.739145258831552,1.4666666666666666,15.0,1.4666666666666666,0.9333333333333333,15.0,0.9333333333333333,1.6,15.0,1.6,1.8,15.0,1.8,12,2.7890325224373007,-0.1348702073671878,0.8140846175555708
99,1.0666666666666667,60.0,3.6831005753242136,0.9333333333333333,15.0,0.9333333333333333,0.9333333333333333,15.0,0.9333333333333333,1.2,15.0,1.2,1.2,15.0,1.2,9,2.175861144538572,-0.8173985852319985,-0.40410700995724796
101,1.35,60.0,5.404448940144119,1.4666666666666666,15.0,1.4666666666666666,1.4666666666666666,15.0,1.4666666666666666,1.3333333333333333,15.0,1.3333333333333333,1.1333333333333333,15.0,1.1333333333333333,13,3.219989580140954,0.1751586028573122,-0.6429357800394574
102,1.0344827586206897,58.0,5.171015859667728,1.1428571428571428,14.0,1.1428571428571428,0.6666666666666666,15.0,0.6666666666666666,1.1428571428571428,14.0,1.1428571428571428,1.2,15.0,1.2,11,3.1513316584772886,-0.030086384958797743,-0.04197040761944767
103,1.0344827586206897,58.0,5.67848736091043,1.1333333333333333,15.0,1.1333333333333333,0.7857142857142857,14.0,0.7857142857142857,0.8571428571428571,14.0,0.8571428571428571,1.3333333333333333,15.0,1.3333333333333333,9,1.9432314226120935,-0.17107704092569634,-0.0533576459149768
104,1.3666666666666667,60.0,5.396458443884207,1.0,15.0,1.0,1.0,15.0,1.0,1.6,15.0,1.6,1.8666666666666667,15.0,1.8666666666666667,15,4.585200829625333,0.03558684614998801,0.6580721541464681
105,1.6166666666666667,60.0,5.740910718669081,1.2666666666666666,15.0,1.2666666666666666,1.5333333333333334,15.0,1.5333333333333334,1.8,15.0,1.8,1.8666666666666667,15.0,1.8666666666666667,10,2.9275380359339427,0.2643873737464119,-0.09303128811624468
106,1.0,60.0,5.907829164751126,0.5333333333333333,15.0,0.5333333333333333,0.9333333333333333,15.0,0.9333333333333333,1.2,15.0,1.2,1.3333333333333333,15.0,1.3333333333333333,10,2.403311100476914,0.6867299687585335,-0.3912507443342952
108,1.6166666666666667,60.0,6.4249897390219095,1.1333333333333333,15.0,1.1333333333333333,1.4666666666666666,15.0,1.4666666666666666,1.8666666666666667,15.0,1.8666666666666667,2.0,15.0,2.0,12,3.3173412692985518,0.33820170036946257,-0.6503731481941681
109,1.05,60.0,6.084479226674665,0.8666666666666667,15.0,0.8666666666666667,1.0666666666666667,15.0,1.0666666666666667,1.4,15.0,1.4,0.8666666666666667,15.0,0.8666666666666667,9,1.8510084429958837,0.035431892863765434,-0.5135887837858791
110,1.6833333333333333,60.0,6.048838559945033,1.2,15.0,1.2,1.5333333333333334,15.0,1.5333333333333334,2.0,15.0,2.0,2.0,15.0,2.0,16,5.028388874741496,0.0005840046219596417,0.3818009034124917
111,1.0166666666666666,60.0,6.345718694812302,1.2666666666666666,15.0,1.2666666666666666,0.13333333333333333,15.0,0.13333333333333333,1.6666666666666667,15.0,1.6666666666666667,1.0,15.0,1.0,11,3.039079369750618,-0.15815341739944067,-0.6201224337201613
113,0.8833333333333333,60.0,6.325233401226349,1.0,15.0,1.0,0.9333333333333333,15.0,0.9333333333333333,0.8,15.0,0.8,0.8,15.0,0.8,10,2.7398194302899306,0.8544244462823516,0.08627444934504287
114,1.5333333333333334,60.0,5.098037130883088,1.4666666666666666,15.0,1.4666666666666666,1.0666666666666667,15.0,1.0666666666666667,1.6666666666666667,15.0,1.6666666666666667,1.9333333333333333,15.0,1.9333333333333333,12,3.5386526033204193,-0.5746158710943552,0.5742561420253376
115,0.85,60.0,6.551186671491528,0.6,15.0,0.6,1.0,15.0,1.0,0.8,15.0,0.8,1.0,15.0,1.0,9,1.9018889295028671,0.7835379328655881,-0.35224896976487324
116,1.3666666666666667,60.0,7.037953432310134,1.6666666666666667,15.0,1.6666666666666667,1.3333333333333333,15.0,1.3333333333333333,1.2666666666666666,15.0,1.2666666666666666,1.2,15.0,1.2,9,2.123116146431432,0.6199477044371442,-0.028209847059599762
117,0.7,60.0,7.6236134154691735,0.6666666666666666,15.0,0.6666666666666666,0.5333333333333333,15.0,0.5333333333333333,0.5333333333333333,15.0,0.5333333333333333,1.0666666666666667,15.0,1.0666666666666667,9,1.9991239116902428,0.32728843138797986,0.36446749577003823
118,1.11864406779661,59.0,4.684849965069553,1.0,15.0,1.0,0.9333333333333333,15.0,0.9333333333333333,1.0714285714285714,14.0,1.0714285714285714,1.4666666666666666,15.0,1.4666666666666666,11,2.401786198519592,0.23190419776617957,0.05234498309641583
119,0.26666666666666666,60.0,9.31877828286923,0.8,15.0,0.8,0.0,15.0,0.0,0.06666666666666667,15.0,0.06666666666666667,0.2,15.0,0.2,9,2.78746648942026,0.2544387638510116,-0.9999999999999999
120,-0.21428571428571427,56.0,14.886697650636123,-0.4,15.0,-0.4,-0.14285714285714285,14.0,-0.14285714285714285,0.0,14.0,0.0,-0.3076923076923077,13.0,-0.3076923076923077,9,1.8978070424930193,0.5435356504374617,-0.5497951927835756
121,0.9833333333333333,60.0,7.283987602397525,0.8666666666666667,15.0,0.8666666666666667,0.9333333333333333,15.0,0.9333333333333333,1.1333333333333333,15.0,1.1333333333333333,1.0,15.0,1.0,10,2.779224982090025,0.750165195580209,0.21028390976197017
123,0.64,50.0,6.702893462466714,0.5333333333333333,15.0,0.5333333333333333,1.0,15.0,1.0,0.5333333333333333,15.0,0.5333333333333333,0.2,5.0,0.2,11,2.895515185648909,0.29895741917157326,-0.7665898025955994
125,0.7321428571428571,56.0,10.582442971429746,1.2,15.0,1.2,0.3333333333333333,15.0,0.3333333333333333,0.8333333333333334,12.0,0.8333333333333334,0.5714285714285714,14.0,0.5714285714285714,9,1.8230498352402074,-0.21136595798180552,-0.9476382336486742
126,1.0333333333333334,60.0,4.8375713061603305,1.1333333333333333,15.0,1.1333333333333333,0.7333333333333333,15.0,0.7333333333333333,1.0,15.0,1.0,1.2666666666666666,15.0,1.2666666666666666,11,2.7004954791517988,0.521433435935955,-0.40095410309819823
