respondent,degree,strength,betweenness,closeness,eigenvector,clustering,intensity,distance_to_class_mean,n_answered,T_mean,E_mean,S_mean,V_mean
11,9,2.2949561355687798,0.006566347469220246,0.6010453044475479,0.05430491473672908,0.12460896313284854,0.7666666666666667,5.837590101023303,60.0,0.8,0.8,0.9333333333333333,0.5333333333333333
12,13,3.3654906374876856,0.02188782489740082,0.6405060183483763,0.09221455203425905,0.09154267658315278,0.711864406779661,5.464703385156415,59.0,0.5333333333333333,0.9333333333333333,0.5714285714285714,0.8
13,11,3.070184704921795,0.018331053351573187,0.6524924879206128,0.12965417033993737,0.13955611448368668,1.25,5.7357717511345045,60.0,0.9333333333333333,1.0666666666666667,1.3333333333333333,1.6666666666666667
14,10,2.9049969008364043,0.017236662106703146,0.621489369301734,0.07432927312357285,0.12499902025764109,0.9333333333333333,4.9654930196025315,60.0,0.8,0.6,1.1333333333333333,1.2
16,11,2.5705335516153243,0.007113543091655267,0.6451348457687299,0.11755805872250871,0.08781750493571953,1.1,6.0634135871417705,60.0,1.2,0.6666666666666666,1.2666666666666666,1.2666666666666666
17,9,2.450773467816061,0.014774281805745554,0.6011377245048662,0.05708429706132519,0.11617723911098603,0.9833333333333333,7.235532559817104,60.0,1.2666666666666666,0.3333333333333333,1.0,1.3333333333333333
18,12,3.0493058144204808,0.014500683994528044,0.6616362117572505,0.11569859658281369,0.08716375598037603,0.9,5.169127151399936,60.0,0.26666666666666666,0.7333333333333333,1.2666666666666666,1.3333333333333333
19,11,2.9245624530059438,0.019425444596443228,0.6460695453380231,0.07706528396757527,0.07703291912459444,1.1864406779661016,6.25338785669088,59.0,0.7142857142857143,1.2,1.0,1.8
20,9,1.9635559466270829,0.005745554035567715,0.6231845568693707,0.10542761434636648,0.09391809531920634,1.3333333333333333,5.919306883536438,60.0,1.0,0.9333333333333333,1.5333333333333334,1.8666666666666667
21,12,3.348390675069774,0.027086183310533515,0.6769702108630586,0.13617975491330842,0.08800623677837786,1.5833333333333333,6.193769199934712,60.0,0.8666666666666667,1.5333333333333334,1.9333333333333333,2.0
22,9,2.04807810919109,0.003283173734610123,0.6244373385513873,0.0909879419338045,0.09340862296658378,0.7333333333333333,7.679683437886026,60.0,0.4,0.8,0.7333333333333333,1.0
24,10,2.5617514113298827,0.015321477428180574,0.6179668069536443,0.07374950969158862,0.10166627375806567,0.8245614035087719,6.8833074414675055,57.0,0.8571428571428571,0.4666666666666667,1.0,1.0
26,9,1.9364787200451974,0.007934336525307797,0.5929973791572403,0.04702667513742961,0.08220839769551866,1.25,7.6852028401790475,60.0,1.4,0.9333333333333333,1.4,1.2666666666666666
29,13,3.0752772383273204,0.015595075239398085,0.6390089012469151,0.09526540542425263,0.06939811142324544,1.4666666666666666,7.011639034341069,60.0,1.2,0.9333333333333333,1.7333333333333334,2.0
31,9,1.9647695178423343,0.006019151846785226,0.6141275049142905,0.06703823380315223,0.08350115946509723,1.0833333333333333,6.351357661512223,60.0,0.8,1.4,1.1333333333333333,1.0
32,13,3.0740821094865134,0.012585499316005472,0.6468880527136824,0.11035442855732476,0.10602015120249825,1.2372881355932204,4.830017954829945,59.0,1.3333333333333333,1.0,1.3333333333333333,1.2666666666666666
35,9,2.590822756446387,0.024350205198358413,0.6425970500517195,0.08131501583680274,0.09245087843353755,1.2,5.825768363114333,60.0,1.4,0.4666666666666667,1.0,1.9333333333333333
36,9,1.8630539964440118,0.004924760601915185,0.6001746146885603,0.05057405566759502,0.0507537056670814,0.9,10.055531520784852,60.0,1.2666666666666666,0.4,0.7333333333333333,1.2
37,10,2.5078236275924497,0.01039671682626539,0.6382321635604248,0.09045363690347259,0.10703380106542229,1.55,6.077557091490681,60.0,1.5333333333333334,1.2,1.6,1.8666666666666667
38,11,2.989039425454242,0.01121751025991792,0.6336129744973399,0.12501431273448063,0.13548648701502827,1.3166666666666667,5.0469294615572595,60.0,1.1333333333333333,1.2666666666666666,1.2666666666666666,1.6
40,13,3.5976628981804457,0.02106703146374829,0.6525354997359722,0.09006187379496147,0.13307017664019116,1.4655172413793103,6.911953891244942,58.0,1.1333333333333333,1.1333333333333333,1.7857142857142858,1.8571428571428572
41,11,3.2457372903022224,0.03173734610123119,0.6668839591470228,0.10305987071365041,0.09500069243084472,1.7666666666666666,6.5529573347403,60.0,2.0,1.2,2.0,1.8666666666666667
42,11,2.9936845966687895,0.016142270861833105,0.6465027555459476,0.08620542806118704,0.12179980924854111,1.0701754385964912,5.821695077317493,57.0,0.8333333333333334,1.1333333333333333,0.9333333333333333,1.3333333333333333
43,9,1.763118898927261,0.0038303693570451436,0.5982223653425917,0.05065898285198425,0.06398047827005415,1.15,5.638988928692609,60.0,1.0,0.6,1.2,1.8
45,9,2.1964528929955667,0.009028727770177838,0.6046915478854321,0.07604423855539057,0.10971198530631507,1.0166666666666666,5.468509653691495,60.0,0.4,1.2,1.2666666666666666,1.2
46,9,1.9807052158961276,0.004377564979480164,0.6095105808473489,0.07255580008100233,0.08346956897865036,1.0333333333333334,4.243498147790254,60.0,0.8,0.9333333333333333,1.4,1.0
48,9,2.235639389764184,0.016963064295485636,0.6295877378571524,0.04754811393288365,0.04834355950584087,1.1,6.714964056663127,60.0,0.8,1.0,0.9333333333333333,1.6666666666666667
49,12,3.753963148345228,0.016142270861833105,0.6566044831360148,0.19134663803677343,0.1452173719912787,1.3,5.159266024761176,60.0,0.8666666666666667,1.0,1.6,1.7333333333333334
50,10,3.4310004574622472,0.01012311901504788,0.6614052691977403,0.15976136752732334,0.20976450787454098,1.5666666666666667,5.736904774991397,60.0,1.6666666666666667,1.1333333333333333,1.9333333333333333,1.5333333333333334
52,10,2.753523493453802,0.01094391244870041,0.6385340650596127,0.09252610584250764,0.1226583524392646,1.45,5.439107110889403,60.0,1.5333333333333334,1.3333333333333333,1.7333333333333334,1.2
53,11,2.78074002203213,0.012311901504787962,0.639841640829084,0.1317836513390489,0.10029982572092304,1.35,5.6058292946286,60.0,1.2,1.1333333333333333,1.4666666666666666,1.6
54,9,2.1550479730219916,0.007113543091655267,0.6181492348361073,0.07834387445105331,0.09500658012454355,1.55,6.453673411981684,60.0,1.4666666666666666,1.0666666666666667,1.6666666666666667,2.0
55,9,2.5789255610447923,0.015321477428180574,0.6430612554554707,0.10688815151141398,0.1285855352218695,1.35,4.8458434974577855,60.0,1.0666666666666667,0.8666666666666667,1.8,1.6666666666666667
56,10,2.562132644221552,0.018331053351573187,0.6369783847031768,0.06151055622173553,0.06558305553929207,1.0,6.016243689744925,60.0,0.9333333333333333,0.8,1.2,1.0666666666666667
57,12,4.050854536716188,0.030095759233926128,0.6733291096860662,0.19148111708108967,0.16881890386649653,1.1833333333333333,7.703279486405355,60.0,0.5333333333333333,0.7333333333333333,1.8,1.6666666666666667
58,11,2.5797516285213917,0.018878248974008208,0.6418259856982549,0.053508801587905816,0.056347753863211725,0.6833333333333333,9.073064084895236,60.0,1.2,0.4,0.4666666666666667,0.6666666666666666
59,9,1.9335161282765627,0.004377564979480164,0.588424453524759,0.043338496908867034,0.06980737195997479,1.1166666666666667,6.566484926124682,60.0,0.9333333333333333,1.1333333333333333,1.0,1.4
61,11,3.5418524332151398,0.013406292749658003,0.6508387289605632,0.1996961877791566,0.17402851782646103,1.2833333333333334,5.347558280678976,60.0,0.8666666666666667,0.8,1.8,1.6666666666666667
62,12,3.1568983141918925,0.018057455540355677,0.6484351137339794,0.09627479721735308,0.07322254851830487,1.4166666666666667,7.239524278410437,60.0,1.4666666666666666,0.6666666666666666,1.8,1.7333333333333334
63,9,2.0533263395192405,0.01012311901504788,0.6138217560018583,0.04724395320476876,0.06817845585176058,1.1166666666666667,7.046935989294182,60.0,0.8,1.2,1.4666666666666666,1.0
64,9,1.9410701122424052,0.01121751025991792,0.6260083272637917,0.06406139550881733,0.050608668279418664,1.0833333333333333,4.954018182407103,60.0,1.1333333333333333,0.9333333333333333,0.8666666666666667,1.4
65,11,2.5262565600844393,0.012038303693570451,0.6412661888694031,0.0771738605265698,0.06770884462078562,0.85,7.049835988995833,60.0,0.8,0.9333333333333333,0.7333333333333333,0.9333333333333333
66,10,2.6405778139703298,0.012038303693570451,0.6305268767335909,0.11696012038740095,0.09310884092030937,1.3333333333333333,5.4287026370506215,60.0,1.2,1.0,1.5333333333333334,1.6
67,11,2.6803931864579806,0.006839945280437756,0.6192860064248477,0.11063719007939908,0.12881464955428293,1.4666666666666666,4.431776062186521,60.0,1.1333333333333333,1.3333333333333333,1.7333333333333334,1.6666666666666667
69,9,1.8987727267261085,0.006019151846785226,0.6232651149178556,0.052023728727810255,0.0529365680109831,1.1016949152542372,5.7848118839959115,59.0,0.7857142857142857,1.1333333333333333,1.0666666666666667,1.4
70,10,2.324520867401435,0.015321477428180574,0.638481241120728,0.07199749833206828,0.05847079142205625,1.1166666666666667,4.6013103801009,60.0,0.8,1.0666666666666667,1.6,1.0
72,10,2.9590055082636755,0.013953488372093023,0.6520324319479976,0.12290556241135597,0.1378177288028986,1.2,6.381367179048192,60.0,0.6666666666666666,1.2,1.5333333333333334,1.4
74,9,2.252741310506809,0.008481532147742818,0.6261071091456814,0.10141540278270468,0.09711122406422718,1.3333333333333333,6.875983376632498,60.0,1.2666666666666666,1.0666666666666667,1.5333333333333334,1.4666666666666666
79,12,3.3195805807456824,0.018057455540355677,0.6493189126672614,0.08303809202899633,0.10376007648900751,0.9111111111111111,5.514204695918431,45.0,1.0,0.7333333333333333,1.0,
80,9,2.373539715620785,0.015868673050615595,0.6398939758201502,0.08174420503327169,0.08002667774972136,1.15,5.817540837577427,60.0,0.9333333333333333,0.7333333333333333,1.7333333333333334,1.2
81,12,3.5393340397818873,0.019425444596443228,0.6636569680831522,0.19284784728593424,0.16588770018314702,1.5263157894736843,5.177359543687067,57.0,1.2142857142857142,0.9230769230769231,1.9333333333333333,1.9333333333333333
82,11,3.0629868697823817,0.018604651162790697,0.6405796712716105,0.0808470799274378,0.10995489237081864,1.3166666666666667,6.385883927897576,60.0,1.0,0.7333333333333333,1.5333333333333334,2.0
83,9,2.7255811531623215,0.007113543091655267,0.6203401985666819,0.12211709458734281,0.2041052781098292,1.4666666666666666,5.357004425924776,60.0,1.4666666666666666,0.9333333333333333,1.7333333333333334,1.7333333333333334
84,9,1.9635290776442318,0.007934336525307797,0.621291325236737,0.066843186298204,0.0618036707467032,1.0338983050847457,8.4614502171931,59.0,0.5,0.8666666666666667,0.7333333333333333,2.0
85,9,2.2433656968671833,0.008207934336525308,0.6147316415745943,0.07102939858415629,0.10672060608989518,0.75,8.866704625273147,60.0,0.4,0.26666666666666666,1.0666666666666667,1.2666666666666666
86,10,3.2148837058787554,0.012585499316005472,0.6577511576861955,0.19253009903886228,0.21464003205322885,1.3333333333333333,7.168481929406974,60.0,1.0,0.9333333333333333,1.6666666666666667,1.7333333333333334
89,10,2.2050686413447784,0.007113543091655267,0.6109047475271341,0.05947527111803005,0.09045689627196932,0.8166666666666667,8.936632690274717,60.0,0.5333333333333333,0.8,0.4666666666666667,1.4666666666666666
90,16,4.875207383246049,0.047058823529411764,0.7161346183557806,0.2093962606404263,0.10201619825070392,0.9166666666666666,4.593568147036295,60.0,0.6,1.0666666666666667,1.0,1.0
91,12,3.4753436600163226,0.02243502051983584,0.6430605597528615,0.09138083795625652,0.14490087421928516,0.8333333333333334,4.185442118801164,60.0,0.6666666666666666,0.7333333333333333,0.9333333333333333,1.0
92,10,2.593395416927231,0.013953488372093023,0.6326634235580102,0.08710569690238301,0.13305255892708148,1.2678571428571428,5.5300238698446424,56.0,0.6153846153846154,1.0769230769230769,1.4666666666666666,1.8
93,13,3.2498996201570716,0.023529411764705882,0.6653371750484889,0.12061066465908994,0.06266176863965107,0.6724137931034483,6.953663787043476,58.0,0.8666666666666667,-0.06666666666666667,1.1538461538461537,0.8
94,11,3.4099554598954063,0.016963064295485636,0.6713490712225261,0.1620530814321633,0.15704114055778678,1.75,6.328759208301512,60.0,1.4666666666666666,1.5333333333333334,2.0,2.0
95,15,4.410652271240178,0.029822161422708618,0.6914536913540292,0.2129209242510838,0.11161512577858361,1.396551724137931,5.639785276277275,58.0,1.2666666666666666,0.8571428571428571,1.7333333333333334,1.7142857142857142
97,12,2.7890325224373003,0.01121751025991792,0.6366989340377776,0.13405908125065502,0.10740290272134449,1.45,5.739145258831552,60.0,1.4666666666666666,0.9333333333333333,1.6,1.8
99,9,2.1758611445385725,0.008755129958960328,0.6032690728094112,0.07362161246994715,0.1180762005896285,1.0666666666666667,3.6831005753242136,60.0,0.9333333333333333,0.9333333333333333,1.2,1.2
101,13,3.2199895801409544,0.023529411764705882,0.6444871301642207,0.08019691806803517,0.07688564268850404,1.35,5.404448940144119,60.0,1.4666666666666666,1.4666666666666666,1.3333333333333333,1.1333333333333333
102,11,3.151331658477289,0.013406292749658003,0.6443190893139726,0.08461688750237249,0.12479191643722055,1.0344827586206897,5.171015859667728,58.0,1.1428571428571428,0.6666666666666666,1.1428571428571428,1.2
103,9,1.9432314226120935,0.008755129958960328,0.6159387377834773,0.05583056963675976,0.06049986609262849,1.0344827586206897,5.67848736091043,58.0,1.1333333333333333,0.7857142857142857,0.8571428571428571,1.3333333333333333
104,15,4.585200829625333,0.03064295485636115,0.6834262044375334,0.22368173769866642,0.13153130724400322,1.3666666666666667,5.396458443884207,60.0,1.0,1.0,1.6,1.8666666666666667
105,10,2.9275380359339422,0.018331053351573187,0.6593485694518005,0.1312367007386687,0.1422753804110727,1.6166666666666667,5.740910718669081,60.0,1.2666666666666666,1.5333333333333334,1.8,1.8666666666666667
106,10,2.403311100476914,0.01012311901504788,0.6252125706170207,0.06763569415181418,0.09427758215954153,1.0,5.907829164751126,60.0,0.5333333333333333,0.9333333333333333,1.2,1.3333333333333333
108,12,3.317341269298552,0.01997264021887825,0.6477723781802968,0.08606419893594855,0.11772124547846777,1.6166666666666667,6.4249897390219095,60.0,1.1333333333333333,1.4666666666666666,1.8666666666666667,2.0
109,9,1.8510084429958833,0.008207934336525308,0.5963643237993297,0.0433381289538963,0.06818173635937004,1.05,6.084479226674665,60.0,0.8666666666666667,1.0666666666666667,1.4,0.8666666666666667
110,16,5.028388874741496,0.04514363885088919,0.7001934546779628,0.24049949686542124,0.11129319527097188,1.6833333333333333,6.048838559945033,60.0,1.2,1.5333333333333334,2.0,2.0
111,11,3.039079369750618,0.016689466484268126,0.6366807475320237,0.08101824883717829,0.12584132668668754,1.0166666666666666,6.345718694812302,60.0,1.2666666666666666,0.13333333333333333,1.6666666666666667,1.0
113,10,2.739819430289931,0.016415868673050615,0.6051570412035562,0.05558554311110903,0.11837731494172944,0.8833333333333333,6.325233401226349,60.0,1.0,0.9333333333333333,0.8,0.8
114,12,3.538652603320419,0.016963064295485636,0.6510566566526349,0.16407344145557076,0.13175896227757247,1.5333333333333334,5.098037130883088,60.0,1.4666666666666666,1.0666666666666667,1.6666666666666667,1.9333333333333333
115,9,1.9018889295028674,0.006292749658002736,0.5826638948294127,0.03312702687136547,0.07240870043537637,0.85,6.551186671491528,60.0,0.6,1.0,0.8,1.0
116,9,2.123116146431432,0.00984952120383037,0.5937825179092329,0.037699319587357824,0.08363622942426391,1.3666666666666667,7.037953432310134,60.0,1.6666666666666667,1.3333333333333333,1.2666666666666666,1.2
117,9,1.999123911690243,0.005471956224350205,0.5950530420523522,0.04551594191561405,0.09280655355745171,0.7,7.6236134154691735,60.0,0.6666666666666666,0.5333333333333333,0.5333333333333333,1.0666666666666667
118,11,2.401786198519592,0.014227086183310533,0.626180940684992,0.04821834135720157,0.06114185767435621,1.11864406779661,4.684849965069553,59.0,1.0,0.9333333333333333,1.0714285714285714,1.4666666666666666
119,9,2.78746648942026,0.009028727770177838,0.5976712220494842,0.06651403099148945,0.21754240835317218,0.26666666666666666,9.31877828286923,60.0,0.8,0.0,0.06666666666666667,0.2
120,9,1.8978070424930193,0.005471956224350205,0.60239129530614,0.041239167983724845,0.06814646824135512,-0.21428571428571427,14.886697650636123,56.0,-0.4,-0.14285714285714285,0.0,-0.3076923076923077
121,10,2.779224982090025,0.014774281805745554,0.6188301971234415,0.06776077583637224,0.13340976659071863,0.9833333333333333,7.283987602397525,60.0,0.8666666666666667,0.9333333333333333,1.1333333333333333,1.0
123,11,2.8955151856489096,0.014227086183310533,0.6187282670146622,0.06961894315522008,0.08816959450902219,0.64,6.702893462466714,50.0,0.5333333333333333,1.0,0.5333333333333333,0.2
125,9,1.8230498352402074,0.0016415868673050615,0.5747366467659135,0.04577089875781513,0.1398241214240094,0.7321428571428571,10.582442971429746,56.0,1.2,0.3333333333333333,0.8333333333333334,0.5714285714285714
126,11,2.700495479151799,0.013953488372093023,0.6128314219453443,0.05939474268572503,0.08460322853135631,1.0333333333333334,4.8375713061603305,60.0,1.1333333333333333,0.7333333333333333,1.0,1.2666666666666666
