source,target,weight,distance
79,102,0.6395287577657963,0.3604712422342037
50,95,0.5505327213248652,0.4494672786751348
86,104,0.5215501057650597,0.47844989423494033
41,52,0.5204702415122404,0.4795297584877596
50,90,0.5134975174483792,0.48650248255162076
24,121,0.5022154326486621,0.4977845673513379
35,114,0.4877137461790564,0.5122862538209436
61,110,0.48288711122406014,0.5171128887759399
14,99,0.47783827487442065,0.5221617251255793
90,95,0.47664357767571097,0.523356422324289
72,94,0.47501872813112583,0.5249812718688742
55,85,0.47089611305299517,0.5291038869470048
42,91,0.4689662484951804,0.5310337515048196
94,110,0.46697601704594327,0.5330239829540567
53,57,0.4566809426331868,0.5433190573668132
57,74,0.4516784052687126,0.5483215947312874
13,38,0.4371796931518405,0.5628203068481594
80,81,0.43487787168212716,0.5651221283178729
49,86,0.4323907351101027,0.5676092648898974
55,61,0.429994852259205,0.570005147740795
50,83,0.4298293461118364,0.5701706538881637
26,116,0.429042208933402,0.5709577910665979
49,57,0.417161457261157,0.582838542738843
81,110,0.41472870989253363,0.5852712901074664
86,95,0.41359680121516446,0.5864031987848355
40,108,0.41249015474557965,0.5875098452544203
49,61,0.4108006393674355,0.5891993606325645
35,83,0.4076524425898201,0.59234755741018
91,119,0.4064243365004584,0.5935756634995416
21,57,0.39667565782971387,0.6033243421702861
61,104,0.39143945352500165,0.6085605464749984
49,66,0.3913012062735663,0.6086987937264337
97,104,0.38989579088278953,0.6101042091172104
14,17,0.3885197491700444,0.6114802508299556
94,105,0.38767817566089635,0.6123218243391036
41,50,0.3873452917325165,0.6126547082674836
17,82,0.38715848257812635,0.6128415174218736
70,106,0.38656666164839076,0.6134333383516093
48,117,0.3824942919493356,0.6175057080506644
92,108,0.3816676180162495,0.6183323819837505
72,105,0.3813273450424855,0.6186726549575146
49,104,0.38095183486270223,0.6190481651372978
18,21,0.38010550724496894,0.6198944927550311
101,119,0.3766238021823517,0.6233761978176483
38,67,0.3758964244509958,0.6241035755490042
13,110,0.3741401418512363,0.6258598581487638
22,90,0.36970991206893666,0.6302900879310633
21,81,0.362051775809776,0.637948224190224
95,114,0.36157101099774414,0.6384289890022559
19,121,0.3603132634338415,0.6396867365661585
72,106,0.36005554982447047,0.6399444501755296
45,63,0.35839957283985047,0.6416004271601495
13,94,0.35674453171556003,0.64325546828444
41,62,0.35672250550834367,0.6432774944916564
14,82,0.355122047625161,0.644877952374839
41,111,0.3541431498075551,0.6458568501924449
53,90,0.3540139005193847,0.6459860994806153
81,86,0.35308284239577875,0.6469171576042212
16,95,0.35074406353975934,0.6492559364602406
14,40,0.3492194589848782,0.6507805410151217
56,113,0.34896832619101964,0.6510316738089803
11,24,0.348875097088381,0.6511249029116191
104,114,0.34873611511023667,0.6512638848897634
38,110,0.3482428756702832,0.6517571243297168
62,80,0.34794886312413437,0.6520511368758657
83,114,0.3479481532272847,0.6520518467727153
119,125,0.34637727549944713,0.6536227245005528
32,90,0.3437171271003083,0.6562828728996917
11,121,0.3432904881137212,0.6567095118862788
12,123,0.342405670987574,0.657594329012426
62,79,0.3411347541768362,0.6588652458231639
66,103,0.33622828200055765,0.6637717179994423
62,102,0.33511007444444735,0.6648899255555527
57,93,0.3346355871398978,0.6653644128601022
40,111,0.3344566284320555,0.6655433715679445
57,66,0.3343230142094595,0.6656769857905405
32,37,0.3340576471009488,0.6659423528990511
105,110,0.33262596633861347,0.6673740336613865
12,92,0.3318866019142204,0.6681133980857796
31,90,0.3313118679012928,0.6686881320987073
101,123,0.33096015446447846,0.6690398455355215
18,49,0.3296969639209828,0.6703030360790172
40,42,0.32881231114261306,0.6711876888573869
36,82,0.3240059678884872,0.6759940321115128
61,86,0.3236520853719915,0.6763479146280085
82,91,0.32110614452153663,0.6788938554784634
12,19,0.3210725157168059,0.678927484283194
86,114,0.3205185265246834,0.6794814734753166
94,104,0.3204982705288943,0.6795017294711057
11,113,0.31920888792243074,0.6807911120775693
21,110,0.3187656787818636,0.6812343212181364
32,52,0.3184612887240141,0.6815387112759859
104,105,0.31822150922332104,0.681778490776679
65,123,0.31626148308054947,0.6837385169194505
91,108,0.3150215487923522,0.6849784512076478
111,125,0.3142474996112782,0.6857525003887218
16,50,0.3134767102880755,0.6865232897119244
35,64,0.3121889269506573,0.6878110730493427
40,82,0.311390744115951,0.688609255884049
59,113,0.3088000844421791,0.6911999155578209
89,113,0.30841330207962286,0.6915866979203771
29,62,0.3082112391202021,0.6917887608797979
119,126,0.30777218156395003,0.69222781843605
16,93,0.3075780377763779,0.6924219622236221
21,46,0.3061746197429252,0.6938253802570749
58,84,0.305311442640703,0.694688557359297
81,104,0.3038893849522013,0.6961106150477987
12,72,0.3032691930764221,0.6967308069235779
35,54,0.30268153696529587,0.6973184630347041
41,56,0.30242248680036365,0.6975775131996363
50,52,0.30157150638580593,0.698428493614194
18,57,0.30005948111882647,0.6999405188811736
93,102,0.2998574074664991,0.700142592533501
91,105,0.29963693227704224,0.7003630677229578
72,110,0.2987539803657269,0.7012460196342731
19,85,0.29875027933150333,0.7012497206684967
37,90,0.29667881804633955,0.7033211819536604
45,65,0.29470057509457426,0.7052994249054257
54,114,0.2935584322503116,0.7064415677496885
24,126,0.29347828604251214,0.7065217139574879
20,94,0.29282101587691445,0.7071789841230856
108,123,0.2922499302063222,0.7077500697936778
12,67,0.2917223926643543,0.7082776073356457
42,119,0.2914976664876447,0.7085023335123553
83,93,0.29112953999669333,0.7088704600033067
83,90,0.2882621108036925,0.7117378891963075
45,57,0.28804816137774475,0.7119518386222552
74,97,0.28794029734654764,0.7120597026534523
18,79,0.28725961623143537,0.7127403837685646
57,110,0.28725723964724514,0.7127427603527549
80,102,0.28570174042737845,0.7142982595726215
20,110,0.2852182504177055,0.7147817495822946
111,119,0.2851535619839851,0.7148464380160149
82,99,0.2849789880586516,0.7150210119413484
42,105,0.2845464355037163,0.7154535644962837
58,118,0.28366629519557307,0.7163337048044269
121,126,0.28314763426871387,0.7168523657312862
48,120,0.28268751894330574,0.7173124810566942
49,97,0.2819659895194082,0.7180340104805918
29,61,0.2815463157360572,0.7184536842639428
55,92,0.2815058528991332,0.7184941471008668
91,111,0.2811892086111574,0.7188107913888426
108,119,0.2811383957332432,0.7188616042667568
56,79,0.27999893927018715,0.7200010607298128
102,111,0.27951363121577494,0.7204863687842251
90,110,0.27944081100325646,0.7205591889967435
17,79,0.27883219757939115,0.7211678024206088
46,123,0.2785433254204169,0.7214566745795832
13,104,0.2783290537516087,0.7216709462483912
52,56,0.2773619511128215,0.7226380488871784
108,126,0.2769549151317454,0.7230450848682546
42,72,0.27594518867453577,0.7240548113254642
32,41,0.27517044510549094,0.7248295548945091
59,126,0.27473861754573414,0.7252613824542659
53,84,0.27418769632209417,0.7258123036779058
35,48,0.2736751083627833,0.7263248916372167
37,58,0.27338583581151354,0.7266141641884865
41,83,0.27215606849105217,0.7278439315089478
49,62,0.27184414554979497,0.728155854450205
19,84,0.27168239759138463,0.7283176024086153
16,57,0.27160923795536795,0.728390762044632
62,93,0.2713379751973767,0.7286620248026233
89,94,0.27107652226556783,0.7289234777344322
119,123,0.2709823292893209,0.729017670710679
12,42,0.26982217904876166,0.7301778209512384
67,104,0.26962519639005567,0.7303748036099443
113,115,0.2686341106761484,0.7313658893238516
22,101,0.26823876416089387,0.7317612358391061
81,95,0.268030282281007,0.731969717718993
13,113,0.26799415311853375,0.7320058468814663
17,58,0.26784835539292856,0.7321516446070715
40,91,0.2676325952328699,0.73236740476713
56,116,0.26731232307667596,0.732687676923324
61,81,0.266974969245343,0.7330250307546571
91,101,0.266019431295751,0.733980568704249
18,40,0.2654262098302089,0.7345737901697911
52,63,0.2642662164983909,0.7357337835016091
38,94,0.26373897743480135,0.7362610225651987
57,61,0.26372596018541383,0.7362740398145862
19,92,0.2631793919060642,0.7368206080939358
14,37,0.26314050732772004,0.73685949267228
53,74,0.2629699355465065,0.7370300644534935
81,114,0.26246514632020046,0.7375348536797995
29,79,0.2623167863620648,0.7376832136379352
21,67,0.2618784940676116,0.7381215059323885
38,92,0.2612623641226718,0.7387376358773282
40,123,0.26115813965295337,0.7388418603470466
14,91,0.2605314598426463,0.7394685401573537
29,55,0.260518564535413,0.739481435464587
31,101,0.2604374352812621,0.7395625647187378
18,102,0.2597935482118032,0.7402064517881968
80,126,0.25878027192022485,0.7412197280797752
42,108,0.258664495114736,0.741335504885264
53,61,0.2583687994861583,0.7416312005138417
67,110,0.258052484605089,0.741947515394911
55,104,0.2576934851560405,0.7423065148439595
85,92,0.2571614931618889,0.7428385068381111
13,89,0.2564737147866312,0.7435262852133688
14,65,0.25523889826758983,0.7447611017324102
58,69,0.255012710740019,0.7449872892599809
37,114,0.2545369883747027,0.7454630116252974
13,29,0.25432088515142015,0.7456791148485798
115,116,0.2542334308682102,0.7457665691317898
54,83,0.25384417813213783,0.7461558218678621
21,69,0.25381632377857194,0.746183676221428
105,106,0.25341728135761044,0.7465827186423896
108,111,0.2529129096902766,0.7470870903097234
35,121,0.2528752951726876,0.7471247048273124
32,50,0.252813093163057,0.747186906836943
17,43,0.25232597695625747,0.7476740230437425
29,66,0.25192827566098697,0.748071724339013
93,111,0.25190790859982826,0.7480920914001717
19,89,0.25183880633147276,0.7481611936685273
45,46,0.2514863830092536,0.7485136169907465
111,126,0.25133343543198616,0.7486665645680138
54,93,0.25098141177230987,0.7490185882276901
79,111,0.25094918443262826,0.7490508155673717
12,65,0.2508859822520667,0.7491140177479333
19,113,0.2504769012976463,0.7495230987023537
13,19,0.25044537468991773,0.7495546253100822
17,103,0.25028876907918235,0.7497112309208176
19,37,0.250215534448592,0.749784465551408
56,80,0.24941969923962173,0.7505803007603783
57,95,0.24899939208946295,0.751000607910537
93,95,0.24890138530768682,0.7510986146923132
117,118,0.24887905138961433,0.7511209486103857
21,22,0.24874720180884627,0.7512527981911538
37,50,0.24849062175826328,0.7515093782417367
16,110,0.24846962679810405,0.751530373201896
55,118,0.24705390891292495,0.7529460910870751
69,123,0.24636197217948858,0.7536380278205115
86,90,0.2460446064331302,0.7539553935668698
90,99,0.2460318523439747,0.7539681476560253
70,90,0.24489680256003352,0.7551031974399665
40,48,0.24479541416018055,0.7552045858398194
29,56,0.24419313373927973,0.7558068662607202
49,53,0.24395798420174147,0.7560420157982586
91,109,0.24334243389743124,0.7566575661025687
109,116,0.24323622393746658,0.7567637760625334
66,93,0.24281361325879808,0.7571863867412019
49,81,0.24134905316767005,0.7586509468323299
63,101,0.24096405576980703,0.7590359442301929
29,43,0.23951228841814767,0.7604877115818524
26,66,0.23907849268685058,0.7609215073131494
22,95,0.2388496378790286,0.7611503621209714
64,118,0.23876058941765044,0.7612394105823496
11,70,0.2379291919739331,0.7620708080260669
24,80,0.23751046583668067,0.7624895341633193
70,105,0.23707399541631272,0.7629260045836873
85,117,0.23681960130587726,0.7631803986941228
12,38,0.23659339338694685,0.7634066066130532
48,115,0.23654939351726567,0.7634506064827343
79,120,0.23586688442603126,0.7641331155739688
31,65,0.23586352774775415,0.7641364722522459
12,106,0.23569177414376585,0.7643082258562341
55,95,0.23545329120344186,0.7645467087965582
24,85,0.23498367735277043,0.7650163226472295
13,105,0.23486055556744373,0.7651394444325563
66,110,0.2347678610399492,0.7652321389600508
72,108,0.23466816537872257,0.7653318346212774
38,64,0.23457796970318476,0.7654220302968152
50,114,0.2343207385379772,0.7656792614620228
63,120,0.23379681406233974,0.7662031859376602
66,74,0.23369088737567933,0.7663091126243207
113,121,0.23338068295615877,0.7666193170438412
26,102,0.2332055021257957,0.7667944978742043
74,103,0.23245709850131754,0.7675429014986824
20,95,0.23159525639845446,0.7684047436015455
18,45,0.23054757666053202,0.769452423339468
72,103,0.23045345059050654,0.7695465494094935
24,67,0.23017021446955774,0.7698297855304422
108,120,0.2299574246754723,0.7700425753245277
21,70,0.2298126164669443,0.7701873835330557
42,56,0.22888513700430413,0.7711148629956959
72,90,0.2288574143463266,0.7711425856536734
67,92,0.2280458457194102,0.7719541542805898
32,83,0.227435283636352,0.772564716363648
20,81,0.22702638265667477,0.7729736173433253
40,120,0.2267715083749181,0.7732284916250819
54,82,0.22676843910942684,0.7732315608905731
90,101,0.2265974777766654,0.7734025222233346
61,97,0.22599012444768707,0.7740098755523129
18,82,0.2256616626104816,0.7743383373895184
31,45,0.22506662875497435,0.7749333712450257
41,43,0.224532939114985,0.7754670608850149
11,101,0.22286283706778032,0.7771371629322197
97,114,0.22255084761575133,0.7774491523842486
86,97,0.22254904669227837,0.7774509533077216
19,42,0.22198757060225238,0.7780124293977476
48,106,0.2216969454361703,0.7783030545638296
32,99,0.22166343143873327,0.7783365685612668
20,67,0.22154575634508145,0.7784542436549186
109,119,0.2214969401798591,0.7785030598201409
52,101,0.22106575566410555,0.7789342443358944
58,113,0.21991032195339666,0.7800896780466033
38,104,0.21980866905417584,0.7801913309458242
11,126,0.21859781874749395,0.781402181252506
63,102,0.21836011614480122,0.7816398838551988
59,106,0.217532820049785,0.782467179950215
36,125,0.21730510221342988,0.7826948977865701
52,90,0.21719652543390197,0.782803474566098
92,104,0.21656087159703738,0.7834391284029626
12,64,0.21594331628515684,0.7840566837148432
52,65,0.21559739700442554,0.7844026029955744
63,118,0.21559706781087373,0.7844029321891263
29,102,0.21543095006120114,0.7845690499387988
82,108,0.21539755562806676,0.7846024443719333
69,101,0.2151703413019684,0.7848296586980316
70,109,0.21424123817092308,0.7857587618290769
113,116,0.21403265965279503,0.785967340347205
54,55,0.21392725914005936,0.7860727408599406
74,110,0.21346506625760725,0.7865349337423928
40,79,0.2133986068141496,0.7866013931858504
31,123,0.2131771254993799,0.78682287450062
54,118,0.21249045339498746,0.7875095466050126
36,54,0.21241927574107397,0.787580724258926
90,94,0.21230706178471523,0.7876929382152847
81,97,0.21229492823931315,0.7877050717606868
46,52,0.21215907765408568,0.7878409223459143
59,115,0.21213903104073958,0.7878609689592604
17,36,0.2116872248767135,0.7883127751232866
17,40,0.21141002176544665,0.7885899782345533
118,120,0.21122833724458148,0.7887716627554185
11,38,0.21122636187924612,0.7887736381207539
48,89,0.2111153408720616,0.7888846591279384
79,117,0.2110306959150661,0.7889693040849339
93,97,0.21102054396656433,0.7889794560334357
38,74,0.21092390746897619,0.7890760925310238
69,118,0.21044999043870702,0.789550009561293
101,126,0.21020766526815654,0.7897923347318434
32,70,0.20995536080017227,0.7900446391998277
58,97,0.20869872972025055,0.7913012702797495
36,62,0.2084400212144898,0.7915599787855102
70,121,0.20798149697305437,0.7920185030269457
56,115,0.2075983972185327,0.7924016027814673
20,82,0.20745492341489402,0.792545076585106
83,95,0.20732403017345288,0.7926759698265471
64,86,0.2065066680043149,0.7934933319956852
18,61,0.20647212236678686,0.7935278776332131
35,41,0.2062655547944647,0.7937344452055353
43,89,0.2062577904661947,0.7937422095338054
64,114,0.20559174001608227,0.7944082599839177
11,115,0.20540149197149268,0.7945985080285073
52,62,0.20537353346401083,0.7946264665359892
14,103,0.20515595754634142,0.7948440424536586
92,121,0.20412462605004553,0.7958753739499544
37,82,0.20394191423159896,0.796058085768401
58,116,0.20370952301421244,0.7962904769857876
12,121,0.20323646726056432,0.7967635327394357
16,46,0.20276017985764513,0.7972398201423548
53,95,0.2027406735835126,0.7972593264164873
17,62,0.2027026904179708,0.7972973095820293
58,117,0.20251750089292814,0.7974824991070719
29,89,0.2022302232820021,0.7977697767179979
29,85,0.2021467679718896,0.7978532320281104
53,99,0.20190649927948917,0.7980935007205108
101,109,0.20105170834203817,0.7989482916579618
65,84,0.20049646141784483,0.7995035385821552
22,94,0.20033629376012058,0.7996637062398795
102,118,0.20023235537249917,0.7997676446275008
69,106,0.20006133456868294,0.7999386654313171
66,114,0.19914115816638842,0.8008588418336116
50,65,0.19912291071147123,0.8008770892885287
31,91,0.19889569832272644,0.8011043016772735
99,109,0.19886312712017834,0.8011368728798216
93,117,0.19845624202878756,0.8015437579712125
26,58,0.198301176160439,0.801698823839561
65,95,0.19820478923535995,0.80179521076464
32,105,0.198149839546501,0.801850160453499
18,69,0.19702971525469518,0.8029702847453049
21,106,0.19697472677771138,0.8030252732222887
21,80,0.19672891886168142,0.8032710811383186
21,45,0.1966591538991599,0.8033408461008401
43,84,0.1954373642911414,0.8045626357088587
59,89,0.19511354965689837,0.8048864503431017
41,46,0.19426302711745724,0.8057369728825428
13,59,0.19268630887425778,0.8073136911257422
48,74,0.19260542047811707,0.8073945795218829
24,81,0.19256269313926241,0.8074373068607376
32,53,0.19208347751504345,0.8079165224849565
37,103,0.19206537815513297,0.8079346218448671
37,99,0.19131038233763814,0.8086896176623619
29,84,0.1903990984163478,0.8096009015836522
70,85,0.19006911373277002,0.80993088626723
42,48,0.19001995604496452,0.8099800439550355
24,38,0.1895887891311201,0.8104112108688799
63,80,0.18944052194352892,0.8105594780564711
67,121,0.1886595952125761,0.8113404047874239
54,104,0.18837698651638932,0.8116230134836107
18,46,0.1881508258503392,0.8118491741496607
11,12,0.18756396080430104,0.812436039195699
22,65,0.1850898034267214,0.8149101965732786
14,93,0.18492851943885216,0.8150714805611479
16,22,0.18460258139436286,0.8153974186056372
19,35,0.18460041765646332,0.8153995823435367
102,117,0.18459757524129267,0.8154024247587073
46,110,0.18459705380227884,0.8154029461977211
36,53,0.18447021585515366,0.8155297841448463
45,49,0.18354408981896753,0.8164559101810325
36,111,0.18327225193409297,0.816727748065907
64,109,0.18285964703488994,0.81714035296511
116,126,0.18280530967822586,0.8171946903217742
55,67,0.18188223388557961,0.8181177661144203
16,99,0.1803148837307972,0.8196851162692028
59,123,0.17990664362739278,0.8200933563726072
103,115,0.1798356800412154,0.8201643199587846
101,115,0.17979015156569622,0.8202098484343038
85,104,0.17962410230981984,0.8203758976901802
22,84,0.17955020933749036,0.8204497906625097
32,109,0.17923199467164455,0.8207680053283555
18,43,0.1791025851194206,0.8208974148805794
84,95,0.17746535833552668,0.8225346416644733
16,66,0.17730502329809433,0.8226949767019056
59,64,0.1772018830928301,0.8227981169071699
24,97,0.17689886988620165,0.8231011301137984
26,97,0.17609599153510144,0.8239040084648985
12,59,0.17539718994674613,0.8246028100532539
20,86,0.1749922883662516,0.8250077116337484
63,65,0.17479473184608213,0.8252052681539179
31,120,0.1746866452023509,0.8253133547976491
42,106,0.17453740855008099,0.825462591449919
80,97,0.17313136258540776,0.8268686374145923
22,99,0.17295370535468949,0.8270462946453105
67,85,0.17291454864766925,0.8270854513523307
26,117,0.17180624309503337,0.8281937569049667
40,125,0.17070110492864157,0.8292988950713585
20,72,0.17065649283335368,0.8293435071666463
49,84,0.16899904929169932,0.8310009507083007
45,92,0.1680007515405102,0.8319992484594898
16,64,0.16743937173763895,0.832560628262361
13,74,0.16701029226334538,0.8329897077366546
26,118,0.16674301970072794,0.8332569802992721
109,118,0.16668512964145288,0.8333148703585471
16,26,0.16623383523910146,0.8337661647608985
69,108,0.1662181561857859,0.8337818438142142
70,116,0.1659943896589009,0.8340056103410991
32,36,0.16598605098583658,0.8340139490141634
14,125,0.16530202775875036,0.8346979722412496
123,125,0.1635084112410334,0.8364915887589666
35,43,0.16316972777515873,0.8368302722248413
31,94,0.16275986569086776,0.8372401343091322
79,116,0.16275007761154311,0.8372499223884569
31,46,0.16257072344172618,0.8374292765582738
29,117,0.1625227098723084,0.8374772901276916
58,103,0.16138973699942832,0.8386102630005716
63,115,0.15770724260356672,0.8422927573964333
106,120,0.15677659812024608,0.843223401879754
79,89,0.15651408016055343,0.8434859198394465
93,125,0.15635144820739993,0.8436485517926
26,56,0.15597225056874628,0.8440277494312537
24,36,0.15546788573473463,0.8445321142652653
32,103,0.1553570696984117,0.8446429303015883
62,69,0.15465218227818983,0.8453478177218101
43,62,0.15342032969609617,0.8465796703039038
20,41,0.15224558031775326,0.8477544196822467
43,53,0.14935989708985958,0.8506401029101405
91,125,0.14657762222717055,0.8534223777728295
89,120,0.14603531144377405,0.853964688556226
125,126,0.14267934355305661,0.8573206564469433
